dataHoraFim,com_governo,contra_governo
2003-01-01,32.0,1.0
2011-10-27,,
2011-10-28,,
2011-10-29,,
2011-10-30,,
2011-10-31,,
2011-11-01,,
2011-11-02,,
2011-11-03,,
2011-11-04,,
2011-11-05,,
2011-11-06,,
2011-11-07,,
2011-11-08,32.33,0.33
2011-11-09,37.45,0.09
2011-11-10,,
2011-11-11,,
2011-11-12,,
2011-11-13,,
2011-11-14,,
2011-11-15,,
2011-11-16,,
2011-11-17,,
2011-11-18,,
2011-11-19,,
2011-11-20,,
2011-11-21,,
2011-11-22,36.25,1.62
2011-11-23,,
2011-11-24,,
2011-11-25,,
2011-11-26,,
2011-11-27,,
2011-11-28,,
2011-11-29,34.0,5.0
2011-11-30,,
2011-12-01,,
2011-12-02,,
2011-12-03,,
2011-12-04,,
2011-12-05,,
2011-12-06,,
2011-12-07,,
2011-12-08,,
2011-12-09,,
2011-12-10,,
2011-12-11,,
2011-12-12,,
2011-12-13,,
2011-12-14,,
2011-12-15,,
2011-12-16,,
2011-12-17,,
2011-12-18,,
2011-12-19,,
2011-12-20,,
2011-12-21,,
2011-12-22,,
2011-12-23,,
2011-12-24,,
2011-12-25,,
2011-12-26,,
2011-12-27,,
2011-12-28,,
2011-12-29,,
2011-12-30,,
2011-12-31,,
2012-01-01,,
2012-01-02,,
2012-01-03,,
2012-01-04,,
2012-01-05,,
2012-01-06,,
2012-01-07,,
2012-01-08,,
2012-01-09,,
2012-01-10,,
2012-01-11,,
2012-01-12,,
2012-01-13,,
2012-01-14,,
2012-01-15,,
2012-01-16,,
2012-01-17,,
2012-01-18,,
2012-01-19,,
2012-01-20,,
2012-01-21,,
2012-01-22,,
2012-01-23,,
2012-01-24,,
2012-01-25,,
2012-01-26,,
2012-01-27,,
2012-01-28,,
2012-01-29,,
2012-01-30,,
2012-01-31,,
2012-02-01,,
2012-02-02,,
2012-02-03,,
2012-02-04,,
2012-02-05,,
2012-02-06,,
2012-02-07,,
2012-02-08,,
2012-02-09,,
2012-02-10,,
2012-02-11,,
2012-02-12,,
2012-02-13,,
2012-02-14,,
2012-02-15,,
2012-02-16,,
2012-02-17,,
2012-02-18,,
2012-02-19,,
2012-02-20,,
2012-02-21,,
2012-02-22,,
2012-02-23,,
2012-02-24,,
2012-02-25,,
2012-02-26,,
2012-02-27,,
2012-02-28,32.0,11.0
2012-02-29,31.33,5.67
2012-03-01,,
2012-03-02,,
2012-03-03,,
2012-03-04,,
2012-03-05,,
2012-03-06,,
2012-03-07,,
2012-03-08,,
2012-03-09,,
2012-03-10,,
2012-03-11,,
2012-03-12,,
2012-03-13,,
2012-03-14,1.0,36.0
2012-03-15,,
2012-03-16,,
2012-03-17,,
2012-03-18,,
2012-03-19,,
2012-03-20,,
2012-03-21,,
2012-03-22,,
2012-03-23,,
2012-03-24,,
2012-03-25,,
2012-03-26,,
2012-03-27,34.0,0.0
2012-03-28,17.5,14.0
2012-03-29,,
2012-03-30,,
2012-03-31,,
2012-04-01,,
2012-04-02,,
2012-04-03,,
2012-04-04,,
2012-04-05,,
2012-04-06,,
2012-04-07,,
2012-04-08,,
2012-04-09,,
2012-04-10,,
2012-04-11,19.0,18.5
2012-04-12,,
2012-04-13,,
2012-04-14,,
2012-04-15,,
2012-04-16,,
2012-04-17,,
2012-04-18,38.0,0.0
2012-04-19,,
2012-04-20,,
2012-04-21,,
2012-04-22,,
2012-04-23,,
2012-04-24,,
2012-04-25,,
2012-04-26,,
2012-04-27,,
2012-04-28,,
2012-04-29,,
2012-04-30,,
2012-05-01,,
2012-05-02,,
2012-05-03,,
2012-05-04,,
2012-05-05,,
2012-05-06,,
2012-05-07,,
2012-05-08,,
2012-05-09,30.0,6.0
2012-05-10,,
2012-05-11,,
2012-05-12,,
2012-05-13,,
2012-05-14,,
2012-05-15,23.0,0.0
2012-05-16,,
2012-05-17,,
2012-05-18,,
2012-05-19,,
2012-05-20,,
2012-05-21,,
2012-05-22,,
2012-05-23,,
2012-05-24,,
2012-05-25,,
2012-05-26,,
2012-05-27,,
2012-05-28,,
2012-05-29,,
2012-05-30,35.0,0.0
2012-05-31,,
2012-06-01,,
2012-06-02,,
2012-06-03,,
2012-06-04,,
2012-06-05,,
2012-06-06,,
2012-06-07,,
2012-06-08,,
2012-06-09,,
2012-06-10,,
2012-06-11,,
2012-06-12,9.0,27.0
2012-06-13,25.0,0.0
2012-06-14,,
2012-06-15,,
2012-06-16,,
2012-06-17,,
2012-06-18,,
2012-06-19,,
2012-06-20,,
2012-06-21,,
2012-06-22,,
2012-06-23,,
2012-06-24,,
2012-06-25,,
2012-06-26,33.0,0.0
2012-06-27,0.0,20.0
2012-06-28,,
2012-06-29,,
2012-06-30,,
2012-07-01,,
2012-07-02,,
2012-07-03,33.5,0.5
2012-07-04,,
2012-07-05,,
2012-07-06,,
2012-07-07,,
2012-07-08,,
2012-07-09,,
2012-07-10,,
2012-07-11,,
2012-07-12,,
2012-07-13,,
2012-07-14,,
2012-07-15,,
2012-07-16,,
2012-07-17,,
2012-07-18,,
2012-07-19,,
2012-07-20,,
2012-07-21,,
2012-07-22,,
2012-07-23,,
2012-07-24,,
2012-07-25,,
2012-07-26,,
2012-07-27,,
2012-07-28,,
2012-07-29,,
2012-07-30,,
2012-07-31,,
2012-08-01,,
2012-08-02,,
2012-08-03,,
2012-08-04,,
2012-08-05,,
2012-08-06,,
2012-08-07,,
2012-08-08,,
2012-08-09,,
2012-08-10,,
2012-08-11,,
2012-08-12,,
2012-08-13,,
2012-08-14,,
2012-08-15,,
2012-08-16,,
2012-08-17,,
2012-08-18,,
2012-08-19,,
2012-08-20,,
2012-08-21,,
2012-08-22,,
2012-08-23,,
2012-08-24,,
2012-08-25,,
2012-08-26,,
2012-08-27,,
2012-08-28,,
2012-08-29,,
2012-08-30,,
2012-08-31,,
2012-09-01,,
2012-09-02,,
2012-09-03,,
2012-09-04,20.0,13.0
2012-09-05,,
2012-09-06,,
2012-09-07,,
2012-09-08,,
2012-09-09,,
2012-09-10,,
2012-09-11,,
2012-09-12,,
2012-09-13,,
2012-09-14,,
2012-09-15,,
2012-09-16,,
2012-09-17,,
2012-09-18,18.0,8.0
2012-09-19,,
2012-09-20,,
2012-09-21,,
2012-09-22,,
2012-09-23,,
2012-09-24,,
2012-09-25,,
2012-09-26,,
2012-09-27,,
2012-09-28,,
2012-09-29,,
2012-09-30,,
2012-10-01,,
2012-10-02,,
2012-10-03,,
2012-10-04,,
2012-10-05,,
2012-10-06,,
2012-10-07,,
2012-10-08,,
2012-10-09,,
2012-10-10,,
2012-10-11,,
2012-10-12,,
2012-10-13,,
2012-10-14,,
2012-10-15,,
2012-10-16,,
2012-10-17,,
2012-10-18,,
2012-10-19,,
2012-10-20,,
2012-10-21,,
2012-10-22,,
2012-10-23,,
2012-10-24,,
2012-10-25,,
2012-10-26,,
2012-10-27,,
2012-10-28,,
2012-10-29,,
2012-10-30,,
2012-10-31,27.5,0.0
2012-11-01,,
2012-11-02,,
2012-11-03,,
2012-11-04,,
2012-11-05,,
2012-11-06,5.0,35.5
2012-11-07,36.0,0.0
2012-11-08,,
2012-11-09,,
2012-11-10,,
2012-11-11,,
2012-11-12,,
2012-11-13,,
2012-11-14,,
2012-11-15,,
2012-11-16,,
2012-11-17,,
2012-11-18,,
2012-11-19,,
2012-11-20,2.0,27.0
2012-11-21,38.0,0.0
2012-11-22,,
2012-11-23,,
2012-11-24,,
2012-11-25,,
2012-11-26,,
2012-11-27,,
2012-11-28,32.67,0.0
2012-11-29,,
2012-11-30,,
2012-12-01,,
2012-12-02,,
2012-12-03,,
2012-12-04,35.0,0.0
2012-12-05,,
2012-12-06,,
2012-12-07,,
2012-12-08,,
2012-12-09,,
2012-12-10,,
2012-12-11,,
2012-12-12,1.5,20.5
2012-12-13,,
2012-12-14,,
2012-12-15,,
2012-12-16,,
2012-12-17,,
2012-12-18,3.0,20.0
2012-12-19,,
2012-12-20,,
2012-12-21,,
2012-12-22,,
2012-12-23,,
2012-12-24,,
2012-12-25,,
2012-12-26,,
2012-12-27,,
2012-12-28,,
2012-12-29,,
2012-12-30,,
2012-12-31,,
2013-01-01,,
2013-01-02,,
2013-01-03,,
2013-01-04,,
2013-01-05,,
2013-01-06,,
2013-01-07,,
2013-01-08,,
2013-01-09,,
2013-01-10,,
2013-01-11,,
2013-01-12,,
2013-01-13,,
2013-01-14,,
2013-01-15,,
2013-01-16,,
2013-01-17,,
2013-01-18,,
2013-01-19,,
2013-01-20,,
2013-01-21,,
2013-01-22,,
2013-01-23,,
2013-01-24,,
2013-01-25,,
2013-01-26,,
2013-01-27,,
2013-01-28,,
2013-01-29,,
2013-01-30,,
2013-01-31,,
2013-02-01,,
2013-02-02,,
2013-02-03,,
2013-02-04,,
2013-02-05,,
2013-02-06,,
2013-02-07,,
2013-02-08,,
2013-02-09,,
2013-02-10,,
2013-02-11,,
2013-02-12,,
2013-02-13,,
2013-02-14,,
2013-02-15,,
2013-02-16,,
2013-02-17,,
2013-02-18,,
2013-02-19,,
2013-02-20,24.0,0.0
2013-02-21,,
2013-02-22,,
2013-02-23,,
2013-02-24,,
2013-02-25,,
2013-02-26,1.5,36.0
2013-02-27,31.0,0.0
2013-02-28,,
2013-03-01,,
2013-03-02,,
2013-03-03,,
2013-03-04,,
2013-03-05,,
2013-03-06,3.0,36.0
2013-03-07,,
2013-03-08,,
2013-03-09,,
2013-03-10,,
2013-03-11,,
2013-03-12,41.0,0.0
2013-03-13,,
2013-03-14,,
2013-03-15,,
2013-03-16,,
2013-03-17,,
2013-03-18,,
2013-03-19,13.0,25.0
2013-03-20,1.0,38.0
2013-03-21,,
2013-03-22,,
2013-03-23,,
2013-03-24,,
2013-03-25,,
2013-03-26,,
2013-03-27,,
2013-03-28,,
2013-03-29,,
2013-03-30,,
2013-03-31,,
2013-04-01,,
2013-04-02,,
2013-04-03,,
2013-04-04,,
2013-04-05,,
2013-04-06,,
2013-04-07,,
2013-04-08,,
2013-04-09,26.0,5.0
2013-04-10,,
2013-04-11,,
2013-04-12,,
2013-04-13,,
2013-04-14,,
2013-04-15,,
2013-04-16,,
2013-04-17,,
2013-04-18,,
2013-04-19,,
2013-04-20,,
2013-04-21,,
2013-04-22,,
2013-04-23,,
2013-04-24,33.0,0.0
2013-04-25,,
2013-04-26,,
2013-04-27,,
2013-04-28,,
2013-04-29,,
2013-04-30,,
2013-05-01,,
2013-05-02,,
2013-05-03,,
2013-05-04,,
2013-05-05,,
2013-05-06,,
2013-05-07,38.0,1.0
2013-05-08,8.5,26.0
2013-05-09,,
2013-05-10,,
2013-05-11,,
2013-05-12,,
2013-05-13,,
2013-05-14,24.25,7.0
2013-05-15,24.0,5.0
2013-05-16,22.8,1.2
2013-05-17,,
2013-05-18,,
2013-05-19,,
2013-05-20,,
2013-05-21,18.0,9.75
2013-05-22,,
2013-05-23,,
2013-05-24,,
2013-05-25,,
2013-05-26,,
2013-05-27,3.0,14.0
2013-05-28,23.0,2.0
2013-05-29,,
2013-05-30,,
2013-05-31,,
2013-06-01,,
2013-06-02,,
2013-06-03,,
2013-06-04,17.17,10.67
2013-06-05,,
2013-06-06,,
2013-06-07,,
2013-06-08,,
2013-06-09,,
2013-06-10,,
2013-06-11,0.67,26.0
2013-06-12,12.0,1.5
2013-06-13,,
2013-06-14,,
2013-06-15,,
2013-06-16,,
2013-06-17,,
2013-06-18,,
2013-06-19,,
2013-06-20,,
2013-06-21,,
2013-06-22,,
2013-06-23,,
2013-06-24,,
2013-06-25,38.0,2.0
2013-06-26,26.5,0.0
2013-06-27,,
2013-06-28,,
2013-06-29,,
2013-06-30,,
2013-07-01,,
2013-07-02,0.0,34.0
2013-07-03,19.0,18.0
2013-07-04,,
2013-07-05,,
2013-07-06,,
2013-07-07,,
2013-07-08,,
2013-07-09,,
2013-07-10,36.0,0.0
2013-07-11,,
2013-07-12,,
2013-07-13,,
2013-07-14,,
2013-07-15,,
2013-07-16,,
2013-07-17,,
2013-07-18,,
2013-07-19,,
2013-07-20,,
2013-07-21,,
2013-07-22,,
2013-07-23,,
2013-07-24,,
2013-07-25,,
2013-07-26,,
2013-07-27,,
2013-07-28,,
2013-07-29,,
2013-07-30,,
2013-07-31,,
2013-08-01,,
2013-08-02,,
2013-08-03,,
2013-08-04,,
2013-08-05,,
2013-08-06,,
2013-08-07,,
2013-08-08,,
2013-08-09,,
2013-08-10,,
2013-08-11,,
2013-08-12,,
2013-08-13,,
2013-08-14,,
2013-08-15,,
2013-08-16,,
2013-08-17,,
2013-08-18,,
2013-08-19,,
2013-08-20,,
2013-08-21,,
2013-08-22,,
2013-08-23,,
2013-08-24,,
2013-08-25,,
2013-08-26,,
2013-08-27,,
2013-08-28,,
2013-08-29,,
2013-08-30,,
2013-08-31,,
2013-09-01,,
2013-09-02,,
2013-09-03,,
2013-09-04,,
2013-09-05,,
2013-09-06,,
2013-09-07,,
2013-09-08,,
2013-09-09,,
2013-09-10,32.0,1.0
2013-09-11,,
2013-09-12,,
2013-09-13,,
2013-09-14,,
2013-09-15,,
2013-09-16,,
2013-09-17,,
2013-09-18,3.0,23.0
2013-09-19,,
2013-09-20,,
2013-09-21,,
2013-09-22,,
2013-09-23,,
2013-09-24,,
2013-09-25,20.33,9.67
2013-09-26,,
2013-09-27,,
2013-09-28,,
2013-09-29,,
2013-09-30,,
2013-10-01,,
2013-10-02,,
2013-10-03,,
2013-10-04,,
2013-10-05,,
2013-10-06,,
2013-10-07,,
2013-10-08,5.0,17.0
2013-10-09,4.5,10.75
2013-10-10,,
2013-10-11,,
2013-10-12,,
2013-10-13,,
2013-10-14,,
2013-10-15,,
2013-10-16,,
2013-10-17,,
2013-10-18,,
2013-10-19,,
2013-10-20,,
2013-10-21,,
2013-10-22,24.0,0.0
2013-10-23,13.83,10.33
2013-10-24,,
2013-10-25,,
2013-10-26,,
2013-10-27,,
2013-10-28,,
2013-10-29,25.0,1.0
2013-10-30,,
2013-10-31,,
2013-11-01,,
2013-11-02,,
2013-11-03,,
2013-11-04,,
2013-11-05,27.0,0.0
2013-11-06,,
2013-11-07,,
2013-11-08,,
2013-11-09,,
2013-11-10,,
2013-11-11,,
2013-11-12,,
2013-11-13,,
2013-11-14,,
2013-11-15,,
2013-11-16,,
2013-11-17,,
2013-11-18,,
2013-11-19,,
2013-11-20,,
2013-11-21,,
2013-11-22,,
2013-11-23,,
2013-11-24,,
2013-11-25,,
2013-11-26,,
2013-11-27,,
2013-11-28,,
2013-11-29,,
2013-11-30,,
2013-12-01,,
2013-12-02,,
2013-12-03,,
2013-12-04,23.5,0.5
2013-12-05,,
2013-12-06,,
2013-12-07,,
2013-12-08,,
2013-12-09,,
2013-12-10,,
2013-12-11,29.0,2.0
2013-12-12,,
2013-12-13,,
2013-12-14,,
2013-12-15,,
2013-12-16,,
2013-12-17,,
2013-12-18,,
2013-12-19,,
2013-12-20,,
2013-12-21,,
2013-12-22,,
2013-12-23,,
2013-12-24,,
2013-12-25,,
2013-12-26,,
2013-12-27,,
2013-12-28,,
2013-12-29,,
2013-12-30,,
2013-12-31,,
2014-01-01,,
2014-01-02,,
2014-01-03,,
2014-01-04,,
2014-01-05,,
2014-01-06,,
2014-01-07,,
2014-01-08,,
2014-01-09,,
2014-01-10,,
2014-01-11,,
2014-01-12,,
2014-01-13,,
2014-01-14,,
2014-01-15,,
2014-01-16,,
2014-01-17,,
2014-01-18,,
2014-01-19,,
2014-01-20,,
2014-01-21,,
2014-01-22,,
2014-01-23,,
2014-01-24,,
2014-01-25,,
2014-01-26,,
2014-01-27,,
2014-01-28,,
2014-01-29,,
2014-01-30,,
2014-01-31,,
2014-02-01,,
2014-02-02,,
2014-02-03,,
2014-02-04,18.0,12.0
2014-02-05,,
2014-02-06,,
2014-02-07,,
2014-02-08,,
2014-02-09,,
2014-02-10,,
2014-02-11,3.0,32.0
2014-02-12,,
2014-02-13,,
2014-02-14,,
2014-02-15,,
2014-02-16,,
2014-02-17,,
2014-02-18,,
2014-02-19,,
2014-02-20,,
2014-02-21,,
2014-02-22,,
2014-02-23,,
2014-02-24,,
2014-02-25,2.0,27.0
2014-02-26,,
2014-02-27,,
2014-02-28,,
2014-03-01,,
2014-03-02,,
2014-03-03,,
2014-03-04,,
2014-03-05,,
2014-03-06,,
2014-03-07,,
2014-03-08,,
2014-03-09,,
2014-03-10,,
2014-03-11,6.0,28.0
2014-03-12,,
2014-03-13,,
2014-03-14,,
2014-03-15,,
2014-03-16,,
2014-03-17,,
2014-03-18,,
2014-03-19,27.0,0.0
2014-03-20,,
2014-03-21,,
2014-03-22,,
2014-03-23,,
2014-03-24,,
2014-03-25,,
2014-03-26,17.0,9.0
2014-03-27,,
2014-03-28,,
2014-03-29,,
2014-03-30,,
2014-03-31,,
2014-04-01,,
2014-04-02,1.0,31.0
2014-04-03,,
2014-04-04,,
2014-04-05,,
2014-04-06,,
2014-04-07,17.0,1.0
2014-04-08,,
2014-04-09,2.5,21.5
2014-04-10,,
2014-04-11,,
2014-04-12,,
2014-04-13,,
2014-04-14,,
2014-04-15,,
2014-04-16,,
2014-04-17,,
2014-04-18,,
2014-04-19,,
2014-04-20,,
2014-04-21,,
2014-04-22,30.5,0.0
2014-04-23,32.0,0.0
2014-04-24,,
2014-04-25,,
2014-04-26,,
2014-04-27,,
2014-04-28,,
2014-04-29,27.0,0.0
2014-04-30,,
2014-05-01,,
2014-05-02,,
2014-05-03,,
2014-05-04,,
2014-05-05,,
2014-05-06,17.0,15.0
2014-05-07,,
2014-05-08,,
2014-05-09,,
2014-05-10,,
2014-05-11,,
2014-05-12,,
2014-05-13,,
2014-05-14,,
2014-05-15,,
2014-05-16,,
2014-05-17,,
2014-05-18,,
2014-05-19,,
2014-05-20,2.5,24.5
2014-05-21,13.5,8.0
2014-05-22,,
2014-05-23,,
2014-05-24,,
2014-05-25,,
2014-05-26,,
2014-05-27,20.5,1.5
2014-05-28,,
2014-05-29,,
2014-05-30,,
2014-05-31,,
2014-06-01,,
2014-06-02,,
2014-06-03,,
2014-06-04,24.67,4.0
2014-06-05,,
2014-06-06,,
2014-06-07,,
2014-06-08,,
2014-06-09,,
2014-06-10,,
2014-06-11,,
2014-06-12,,
2014-06-13,,
2014-06-14,,
2014-06-15,,
2014-06-16,,
2014-06-17,,
2014-06-18,,
2014-06-19,,
2014-06-20,,
2014-06-21,,
2014-06-22,,
2014-06-23,,
2014-06-24,,
2014-06-25,,
2014-06-26,,
2014-06-27,,
2014-06-28,,
2014-06-29,,
2014-06-30,,
2014-07-01,,
2014-07-02,,
2014-07-03,,
2014-07-04,,
2014-07-05,,
2014-07-06,,
2014-07-07,,
2014-07-08,,
2014-07-09,,
2014-07-10,,
2014-07-11,,
2014-07-12,,
2014-07-13,,
2014-07-14,,
2014-07-15,1.0,31.0
2014-07-16,,
2014-07-17,,
2014-07-18,,
2014-07-19,,
2014-07-20,,
2014-07-21,,
2014-07-22,,
2014-07-23,,
2014-07-24,,
2014-07-25,,
2014-07-26,,
2014-07-27,,
2014-07-28,,
2014-07-29,,
2014-07-30,,
2014-07-31,,
2014-08-01,,
2014-08-02,,
2014-08-03,,
2014-08-04,,
2014-08-05,,
2014-08-06,,
2014-08-07,,
2014-08-08,,
2014-08-09,,
2014-08-10,,
2014-08-11,,
2014-08-12,,
2014-08-13,,
2014-08-14,,
2014-08-15,,
2014-08-16,,
2014-08-17,,
2014-08-18,,
2014-08-19,,
2014-08-20,,
2014-08-21,,
2014-08-22,,
2014-08-23,,
2014-08-24,,
2014-08-25,,
2014-08-26,,
2014-08-27,,
2014-08-28,,
2014-08-29,,
2014-08-30,,
2014-08-31,,
2014-09-01,,
2014-09-02,,
2014-09-03,,
2014-09-04,,
2014-09-05,,
2014-09-06,,
2014-09-07,,
2014-09-08,,
2014-09-09,,
2014-09-10,,
2014-09-11,,
2014-09-12,,
2014-09-13,,
2014-09-14,,
2014-09-15,,
2014-09-16,,
2014-09-17,,
2014-09-18,,
2014-09-19,,
2014-09-20,,
2014-09-21,,
2014-09-22,,
2014-09-23,,
2014-09-24,,
2014-09-25,,
2014-09-26,,
2014-09-27,,
2014-09-28,,
2014-09-29,,
2014-09-30,,
2014-10-01,,
2014-10-02,,
2014-10-03,,
2014-10-04,,
2014-10-05,,
2014-10-06,,
2014-10-07,11.0,2.0
2014-10-08,,
2014-10-09,,
2014-10-10,,
2014-10-11,,
2014-10-12,,
2014-10-13,,
2014-10-14,,
2014-10-15,,
2014-10-16,,
2014-10-17,,
2014-10-18,,
2014-10-19,,
2014-10-20,,
2014-10-21,,
2014-10-22,,
2014-10-23,,
2014-10-24,,
2014-10-25,,
2014-10-26,,
2014-10-27,,
2014-10-28,0.0,28.0
2014-10-29,,
2014-10-30,,
2014-10-31,,
2014-11-01,,
2014-11-02,,
2014-11-03,,
2014-11-04,1.0,26.0
2014-11-05,,
2014-11-06,,
2014-11-07,,
2014-11-08,,
2014-11-09,,
2014-11-10,,
2014-11-11,26.0,0.0
2014-11-12,,
2014-11-13,,
2014-11-14,,
2014-11-15,,
2014-11-16,,
2014-11-17,,
2014-11-18,,
2014-11-19,,
2014-11-20,,
2014-11-21,,
2014-11-22,,
2014-11-23,,
2014-11-24,,
2014-11-25,,
2014-11-26,,
2014-11-27,,
2014-11-28,,
2014-11-29,,
2014-11-30,,
2014-12-01,,
2014-12-02,,
2014-12-03,,
2014-12-04,,
2014-12-05,,
2014-12-06,,
2014-12-07,,
2014-12-08,,
2014-12-09,,
2014-12-10,,
2014-12-11,,
2014-12-12,,
2014-12-13,,
2014-12-14,,
2014-12-15,,
2014-12-16,37.5,1.5
2014-12-17,,
2014-12-18,,
2014-12-19,,
2014-12-20,,
2014-12-21,,
2014-12-22,,
2014-12-23,,
2014-12-24,,
2014-12-25,,
2014-12-26,,
2014-12-27,,
2014-12-28,,
2014-12-29,,
2014-12-30,,
2014-12-31,,
2015-01-01,,
2015-01-02,,
2015-01-03,,
2015-01-04,,
2015-01-05,,
2015-01-06,,
2015-01-07,,
2015-01-08,,
2015-01-09,,
2015-01-10,,
2015-01-11,,
2015-01-12,,
2015-01-13,,
2015-01-14,,
2015-01-15,,
2015-01-16,,
2015-01-17,,
2015-01-18,,
2015-01-19,,
2015-01-20,,
2015-01-21,,
2015-01-22,,
2015-01-23,,
2015-01-24,,
2015-01-25,,
2015-01-26,,
2015-01-27,,
2015-01-28,,
2015-01-29,,
2015-01-30,,
2015-01-31,,
2015-02-01,,
2015-02-02,,
2015-02-03,,
2015-02-04,,
2015-02-05,,
2015-02-06,,
2015-02-07,,
2015-02-08,,
2015-02-09,,
2015-02-10,20.0,5.33
2015-02-11,,
2015-02-12,,
2015-02-13,,
2015-02-14,,
2015-02-15,,
2015-02-16,,
2015-02-17,,
2015-02-18,,
2015-02-19,,
2015-02-20,,
2015-02-21,,
2015-02-22,,
2015-02-23,,
2015-02-24,,
2015-02-25,,
2015-02-26,,
2015-02-27,,
2015-02-28,,
2015-03-01,,
2015-03-02,,
2015-03-03,22.0,2.0
2015-03-04,,
2015-03-05,13.0,7.0
2015-03-06,,
2015-03-07,,
2015-03-08,,
2015-03-09,,
2015-03-10,23.0,2.0
2015-03-11,,
2015-03-12,19.5,1.5
2015-03-13,,
2015-03-14,,
2015-03-15,,
2015-03-16,,
2015-03-17,21.67,1.67
2015-03-18,23.0,8.0
2015-03-19,2.0,20.0
2015-03-20,,
2015-03-21,,
2015-03-22,,
2015-03-23,,
2015-03-24,25.33,1.33
2015-03-25,20.0,7.5
2015-03-26,20.0,0.0
2015-03-27,,
2015-03-28,,
2015-03-29,,
2015-03-30,17.0,4.0
2015-03-31,11.5,11.5
2015-04-01,,
2015-04-02,,
2015-04-03,,
2015-04-04,,
2015-04-05,,
2015-04-06,,
2015-04-07,13.5,19.0
2015-04-08,2.0,28.0
2015-04-09,9.33,15.33
2015-04-10,,
2015-04-11,,
2015-04-12,,
2015-04-13,,
2015-04-14,,
2015-04-15,2.0,30.0
2015-04-16,24.0,1.0
2015-04-17,,
2015-04-18,,
2015-04-19,,
2015-04-20,,
2015-04-21,,
2015-04-22,,
2015-04-23,,
2015-04-24,,
2015-04-25,,
2015-04-26,,
2015-04-27,27.0,3.0
2015-04-28,30.0,3.0
2015-04-29,,
2015-04-30,,
2015-05-01,,
2015-05-02,,
2015-05-03,,
2015-05-04,,
2015-05-05,,
2015-05-06,26.67,4.33
2015-05-07,22.67,5.44
2015-05-08,,
2015-05-09,,
2015-05-10,,
2015-05-11,,
2015-05-12,22.67,8.67
2015-05-13,22.0,8.5
2015-05-14,21.0,5.4
2015-05-15,,
2015-05-16,,
2015-05-17,,
2015-05-18,,
2015-05-19,23.17,6.17
2015-05-20,26.14,1.43
2015-05-21,,
2015-05-22,,
2015-05-23,,
2015-05-24,,
2015-05-25,,
2015-05-26,,
2015-05-27,,
2015-05-28,,
2015-05-29,,
2015-05-30,,
2015-05-31,,
2015-06-01,,
2015-06-02,,
2015-06-03,,
2015-06-04,,
2015-06-05,,
2015-06-06,,
2015-06-07,,
2015-06-08,,
2015-06-09,,
2015-06-10,,
2015-06-11,,
2015-06-12,,
2015-06-13,,
2015-06-14,,
2015-06-15,,
2015-06-16,,
2015-06-17,,
2015-06-18,14.33,13.33
2015-06-19,,
2015-06-20,,
2015-06-21,,
2015-06-22,,
2015-06-23,,
2015-06-24,17.67,5.67
2015-06-25,18.31,4.92
2015-06-26,,
2015-06-27,,
2015-06-28,,
2015-06-29,,
2015-06-30,2.0,24.0
2015-07-01,,
2015-07-02,,
2015-07-03,,
2015-07-04,,
2015-07-05,,
2015-07-06,,
2015-07-07,20.0,2.0
2015-07-08,,
2015-07-09,,
2015-07-10,,
2015-07-11,,
2015-07-12,,
2015-07-13,,
2015-07-14,,
2015-07-15,,
2015-07-16,,
2015-07-17,,
2015-07-18,,
2015-07-19,,
2015-07-20,,
2015-07-21,,
2015-07-22,,
2015-07-23,,
2015-07-24,,
2015-07-25,,
2015-07-26,,
2015-07-27,,
2015-07-28,,
2015-07-29,,
2015-07-30,,
2015-07-31,,
2015-08-01,,
2015-08-02,,
2015-08-03,,
2015-08-04,7.5,23.0
2015-08-05,,
2015-08-06,8.67,23.0
2015-08-07,,
2015-08-08,,
2015-08-09,,
2015-08-10,,
2015-08-11,9.0,24.0
2015-08-12,19.0,11.0
2015-08-13,,
2015-08-14,,
2015-08-15,,
2015-08-16,,
2015-08-17,,
2015-08-18,1.0,14.0
2015-08-19,,
2015-08-20,0.0,22.0
2015-08-21,,
2015-08-22,,
2015-08-23,,
2015-08-24,,
2015-08-25,24.33,0.33
2015-08-26,0.0,33.0
2015-08-27,,
2015-08-28,,
2015-08-29,,
2015-08-30,,
2015-08-31,,
2015-09-01,,
2015-09-02,26.67,1.33
2015-09-03,17.0,4.0
2015-09-04,,
2015-09-05,,
2015-09-06,,
2015-09-07,,
2015-09-08,,
2015-09-09,15.0,0.0
2015-09-10,20.5,8.0
2015-09-11,,
2015-09-12,,
2015-09-13,,
2015-09-14,,
2015-09-15,20.0,7.0
2015-09-16,26.0,0.0
2015-09-17,14.5,10.5
2015-09-18,,
2015-09-19,,
2015-09-20,,
2015-09-21,,
2015-09-22,21.0,2.0
2015-09-23,23.67,0.0
2015-09-24,,
2015-09-25,,
2015-09-26,,
2015-09-27,,
2015-09-28,,
2015-09-29,23.0,0.0
2015-09-30,5.5,14.5
2015-10-01,,
2015-10-02,,
2015-10-03,,
2015-10-04,,
2015-10-05,,
2015-10-06,24.0,0.0
2015-10-07,30.0,0.0
2015-10-08,8.33,10.0
2015-10-09,,
2015-10-10,,
2015-10-11,,
2015-10-12,,
2015-10-13,15.0,9.0
2015-10-14,,
2015-10-15,,
2015-10-16,,
2015-10-17,,
2015-10-18,,
2015-10-19,,
2015-10-20,27.0,0.5
2015-10-21,18.0,4.0
2015-10-22,23.0,3.0
2015-10-23,,
2015-10-24,,
2015-10-25,,
2015-10-26,,
2015-10-27,5.0,19.0
2015-10-28,12.0,10.0
2015-10-29,,
2015-10-30,,
2015-10-31,,
2015-11-01,,
2015-11-02,,
2015-11-03,10.5,16.25
2015-11-04,21.5,5.5
2015-11-05,5.0,17.0
2015-11-06,,
2015-11-07,,
2015-11-08,,
2015-11-09,,
2015-11-10,18.0,7.0
2015-11-11,14.0,9.5
2015-11-12,,
2015-11-13,,
2015-11-14,,
2015-11-15,,
2015-11-16,,
2015-11-17,26.0,0.5
2015-11-18,,
2015-11-19,,
2015-11-20,,
2015-11-21,,
2015-11-22,,
2015-11-23,,
2015-11-24,26.2,0.0
2015-11-25,,
2015-11-26,,
2015-11-27,,
2015-11-28,,
2015-11-29,,
2015-11-30,,
2015-12-01,,
2015-12-02,,
2015-12-03,,
2015-12-04,,
2015-12-05,,
2015-12-06,,
2015-12-07,,
2015-12-08,,
2015-12-09,,
2015-12-10,,
2015-12-11,,
2015-12-12,,
2015-12-13,,
2015-12-14,,
2015-12-15,20.0,0.0
2015-12-16,,
2015-12-17,,
2015-12-18,,
2015-12-19,,
2015-12-20,,
2015-12-21,,
2015-12-22,,
2015-12-23,,
2015-12-24,,
2015-12-25,,
2015-12-26,,
2015-12-27,,
2015-12-28,,
2015-12-29,,
2015-12-30,,
2015-12-31,,
2016-01-01,,
2016-01-02,,
2016-01-03,,
2016-01-04,,
2016-01-05,,
2016-01-06,,
2016-01-07,,
2016-01-08,,
2016-01-09,,
2016-01-10,,
2016-01-11,,
2016-01-12,,
2016-01-13,,
2016-01-14,,
2016-01-15,,
2016-01-16,,
2016-01-17,,
2016-01-18,,
2016-01-19,,
2016-01-20,,
2016-01-21,,
2016-01-22,,
2016-01-23,,
2016-01-24,,
2016-01-25,,
2016-01-26,,
2016-01-27,,
2016-01-28,,
2016-01-29,,
2016-01-30,,
2016-01-31,,
2016-02-01,,
2016-02-02,,
2016-02-03,12.0,10.67
2016-02-04,,
2016-02-05,,
2016-02-06,,
2016-02-07,,
2016-02-08,,
2016-02-09,,
2016-02-10,,
2016-02-11,,
2016-02-12,,
2016-02-13,,
2016-02-14,,
2016-02-15,,
2016-02-16,21.0,1.0
2016-02-17,23.5,2.5
2016-02-18,1.0,21.0
2016-02-19,,
2016-02-20,,
2016-02-21,,
2016-02-22,,
2016-02-23,29.0,0.0
2016-02-24,,
2016-02-25,8.0,14.0
2016-02-26,,
2016-02-27,,
2016-02-28,,
2016-02-29,,
2016-03-01,,
2016-03-02,18.5,7.0
2016-03-03,,
2016-03-04,,
2016-03-05,,
2016-03-06,,
2016-03-07,,
2016-03-08,3.0,12.0
2016-03-09,5.5,9.5
2016-03-10,17.0,0.0
2016-03-11,,
2016-03-12,,
2016-03-13,,
2016-03-14,,
2016-03-15,21.0,2.0
2016-03-16,27.0,2.0
2016-03-17,,
2016-03-18,,
2016-03-19,,
2016-03-20,,
2016-03-21,12.0,5.0
2016-03-22,23.5,1.0
2016-03-23,,
2016-03-24,,
2016-03-25,,
2016-03-26,,
2016-03-27,,
2016-03-28,19.0,0.0
2016-03-29,17.0,5.0
2016-03-30,,
2016-03-31,,
2016-04-01,,
2016-04-02,,
2016-04-03,,
2016-04-04,,
2016-04-05,,
2016-04-06,,
2016-04-07,,
2016-04-08,,
2016-04-09,,
2016-04-10,,
2016-04-11,,
2016-04-12,,
2016-04-13,,
2016-04-14,,
2016-04-15,,
2016-04-16,,
2016-04-17,,
2016-04-18,,
2016-04-19,,
2016-04-20,,
2016-04-21,,
2016-04-22,,
2016-04-23,,
2016-04-24,,
2016-04-25,,
2016-04-26,1.0,21.0
2016-04-27,,
2016-04-28,11.5,1.0
2016-04-29,,
2016-04-30,,
2016-05-01,,
2016-05-02,,
2016-05-03,27.0,1.0
2016-05-04,,
2016-05-05,,
2016-05-06,,
2016-05-07,,
2016-05-08,,
2016-05-09,,
2016-05-10,,
2016-05-11,,
2016-05-12,,
2016-05-13,,
2016-05-14,,
2016-05-15,,
2016-05-16,,
2016-05-17,,
2016-05-18,23.0,1.0
2016-05-19,,
2016-05-20,,
2016-05-21,,
2016-05-22,,
2016-05-23,23.0,1.0
2016-05-24,21.5,1.0
2016-05-25,,
2016-05-26,,
2016-05-27,,
2016-05-28,,
2016-05-29,,
2016-05-30,,
2016-05-31,21.55,1.0
2016-06-01,,
2016-06-02,23.0,2.0
2016-06-03,,
2016-06-04,,
2016-06-05,,
2016-06-06,,
2016-06-07,,
2016-06-08,23.67,0.67
2016-06-09,,
2016-06-10,,
2016-06-11,,
2016-06-12,,
2016-06-13,,
2016-06-14,21.0,2.0
2016-06-15,19.0,1.25
2016-06-16,,
2016-06-17,,
2016-06-18,,
2016-06-19,,
2016-06-20,21.0,1.0
2016-06-21,12.0,0.0
2016-06-22,,
2016-06-23,,
2016-06-24,,
2016-06-25,,
2016-06-26,,
2016-06-27,,
2016-06-28,,
2016-06-29,,
2016-06-30,,
2016-07-01,,
2016-07-02,,
2016-07-03,,
2016-07-04,,
2016-07-05,24.0,1.0
2016-07-06,21.5,0.5
2016-07-07,,
2016-07-08,,
2016-07-09,,
2016-07-10,,
2016-07-11,,
2016-07-12,25.5,2.5
2016-07-13,,
2016-07-14,,
2016-07-15,,
2016-07-16,,
2016-07-17,,
2016-07-18,,
2016-07-19,,
2016-07-20,,
2016-07-21,,
2016-07-22,,
2016-07-23,,
2016-07-24,,
2016-07-25,,
2016-07-26,,
2016-07-27,,
2016-07-28,,
2016-07-29,,
2016-07-30,,
2016-07-31,,
2016-08-01,,
2016-08-02,,
2016-08-03,,
2016-08-04,,
2016-08-05,,
2016-08-06,,
2016-08-07,,
2016-08-08,,
2016-08-09,16.0,3.0
2016-08-10,19.0,2.86
2016-08-11,,
2016-08-12,,
2016-08-13,,
2016-08-14,,
2016-08-15,,
2016-08-16,,
2016-08-17,,
2016-08-18,,
2016-08-19,,
2016-08-20,,
2016-08-21,,
2016-08-22,,
2016-08-23,,
2016-08-24,,
2016-08-25,,
2016-08-26,,
2016-08-27,,
2016-08-28,,
2016-08-29,,
2016-08-30,22.44,1.11
2016-08-31,,
2016-09-01,,
2016-09-02,,
2016-09-03,,
2016-09-04,,
2016-09-05,,
2016-09-06,,
2016-09-07,,
2016-09-08,,
2016-09-09,,
2016-09-10,,
2016-09-11,,
2016-09-12,,
2016-09-13,,
2016-09-14,,
2016-09-15,,
2016-09-16,,
2016-09-17,,
2016-09-18,,
2016-09-19,,
2016-09-20,,
2016-09-21,,
2016-09-22,,
2016-09-23,,
2016-09-24,,
2016-09-25,,
2016-09-26,,
2016-09-27,,
2016-09-28,,
2016-09-29,,
2016-09-30,,
2016-10-01,,
2016-10-02,,
2016-10-03,,
2016-10-04,,
2016-10-05,20.0,0.5
2016-10-06,,
2016-10-07,,
2016-10-08,,
2016-10-09,,
2016-10-10,26.64,0.82
2016-10-11,30.0,1.8
2016-10-12,,
2016-10-13,,
2016-10-14,,
2016-10-15,,
2016-10-16,,
2016-10-17,,
2016-10-18,,
2016-10-19,,
2016-10-20,,
2016-10-21,,
2016-10-22,,
2016-10-23,,
2016-10-24,19.67,0.67
2016-10-25,23.5,1.12
2016-10-26,25.38,1.5
2016-10-27,,
2016-10-28,,
2016-10-29,,
2016-10-30,,
2016-10-31,,
2016-11-01,,
2016-11-02,,
2016-11-03,,
2016-11-04,,
2016-11-05,,
2016-11-06,,
2016-11-07,,
2016-11-08,23.0,3.0
2016-11-09,21.2,1.4
2016-11-10,,
2016-11-11,,
2016-11-12,,
2016-11-13,,
2016-11-14,,
2016-11-15,,
2016-11-16,,
2016-11-17,,
2016-11-18,,
2016-11-19,,
2016-11-20,,
2016-11-21,,
2016-11-22,29.0,2.0
2016-11-23,,
2016-11-24,,
2016-11-25,,
2016-11-26,,
2016-11-27,,
2016-11-28,,
2016-11-29,,
2016-11-30,29.5,0.5
2016-12-01,,
2016-12-02,,
2016-12-03,,
2016-12-04,,
2016-12-05,,
2016-12-06,,
2016-12-07,21.2,1.6
2016-12-08,,
2016-12-09,,
2016-12-10,,
2016-12-11,,
2016-12-12,,
2016-12-13,18.25,3.25
2016-12-14,9.0,0.67
2016-12-15,16.0,3.0
2016-12-16,,
2016-12-17,,
2016-12-18,,
2016-12-19,,
2016-12-20,,
2016-12-21,,
2016-12-22,,
2016-12-23,,
2016-12-24,,
2016-12-25,,
2016-12-26,,
2016-12-27,,
2016-12-28,,
2016-12-29,,
2016-12-30,,
2016-12-31,,
2017-01-01,,
2017-01-02,,
2017-01-03,,
2017-01-04,,
2017-01-05,,
2017-01-06,,
2017-01-07,,
2017-01-08,,
2017-01-09,,
2017-01-10,,
2017-01-11,,
2017-01-12,,
2017-01-13,,
2017-01-14,,
2017-01-15,,
2017-01-16,,
2017-01-17,,
2017-01-18,,
2017-01-19,,
2017-01-20,,
2017-01-21,,
2017-01-22,,
2017-01-23,,
2017-01-24,,
2017-01-25,,
2017-01-26,,
2017-01-27,,
2017-01-28,,
2017-01-29,,
2017-01-30,,
2017-01-31,,
2017-02-01,,
2017-02-02,,
2017-02-03,,
2017-02-04,,
2017-02-05,,
2017-02-06,,
2017-02-07,,
2017-02-08,,
2017-02-09,,
2017-02-10,,
2017-02-11,,
2017-02-12,,
2017-02-13,,
2017-02-14,,
2017-02-15,24.0,8.0
2017-02-16,,
2017-02-17,,
2017-02-18,,
2017-02-19,,
2017-02-20,,
2017-02-21,21.5,3.0
2017-02-22,,
2017-02-23,,
2017-02-24,,
2017-02-25,,
2017-02-26,,
2017-02-27,,
2017-02-28,,
2017-03-01,,
2017-03-02,,
2017-03-03,,
2017-03-04,,
2017-03-05,,
2017-03-06,,
2017-03-07,,
2017-03-08,,
2017-03-09,,
2017-03-10,,
2017-03-11,,
2017-03-12,,
2017-03-13,,
2017-03-14,24.67,0.0
2017-03-15,,
2017-03-16,,
2017-03-17,,
2017-03-18,,
2017-03-19,,
2017-03-20,,
2017-03-21,,
2017-03-22,,
2017-03-23,21.0,2.0
2017-03-24,,
2017-03-25,,
2017-03-26,,
2017-03-27,,
2017-03-28,3.0,28.0
2017-03-29,29.0,3.0
2017-03-30,,
2017-03-31,,
2017-04-01,,
2017-04-02,,
2017-04-03,,
2017-04-04,,
2017-04-05,25.0,4.0
2017-04-06,,
2017-04-07,,
2017-04-08,,
2017-04-09,,
2017-04-10,23.0,1.0
2017-04-11,19.25,1.25
2017-04-12,,
2017-04-13,,
2017-04-14,,
2017-04-15,,
2017-04-16,,
2017-04-17,,
2017-04-18,24.33,4.33
2017-04-19,27.25,2.5
2017-04-20,,
2017-04-21,,
2017-04-22,,
2017-04-23,,
2017-04-24,,
2017-04-25,26.0,4.75
2017-04-26,24.6,4.2
2017-04-27,23.0,2.75
2017-04-28,,
2017-04-29,,
2017-04-30,,
2017-05-01,,
2017-05-02,21.67,5.67
2017-05-03,,
2017-05-04,,
2017-05-05,,
2017-05-06,,
2017-05-07,,
2017-05-08,,
2017-05-09,,
2017-05-10,28.57,2.43
2017-05-11,,
2017-05-12,,
2017-05-13,,
2017-05-14,,
2017-05-15,17.0,3.0
2017-05-16,23.23,0.46
2017-05-17,22.5,0.0
2017-05-18,,
2017-05-19,,
2017-05-20,,
2017-05-21,,
2017-05-22,,
2017-05-23,24.0,1.0
2017-05-24,23.5,1.0
2017-05-25,1.0,0.0
2017-05-26,,
2017-05-27,,
2017-05-28,,
2017-05-29,,
2017-05-30,,
2017-05-31,24.67,2.33
2017-06-01,,
2017-06-02,,
2017-06-03,,
2017-06-04,,
2017-06-05,,
2017-06-06,,
2017-06-07,31.0,3.0
2017-06-08,,
2017-06-09,,
2017-06-10,,
2017-06-11,,
2017-06-12,,
2017-06-13,24.0,1.0
2017-06-14,,
2017-06-15,,
2017-06-16,,
2017-06-17,,
2017-06-18,,
2017-06-19,,
2017-06-20,,
2017-06-21,,
2017-06-22,,
2017-06-23,,
2017-06-24,,
2017-06-25,,
2017-06-26,,
2017-06-27,30.0,0.0
2017-06-28,24.0,0.2
2017-06-29,,
2017-06-30,,
2017-07-01,,
2017-07-02,,
2017-07-03,,
2017-07-04,23.0,0.0
2017-07-05,20.33,3.33
2017-07-06,,
2017-07-07,,
2017-07-08,,
2017-07-09,,
2017-07-10,,
2017-07-11,,
2017-07-12,22.0,0.0
2017-07-13,,
2017-07-14,,
2017-07-15,,
2017-07-16,,
2017-07-17,,
2017-07-18,,
2017-07-19,,
2017-07-20,,
2017-07-21,,
2017-07-22,,
2017-07-23,,
2017-07-24,,
2017-07-25,,
2017-07-26,,
2017-07-27,,
2017-07-28,,
2017-07-29,,
2017-07-30,,
2017-07-31,,
2017-08-01,28.0,0.0
2017-08-02,,
2017-08-03,,
2017-08-04,,
2017-08-05,,
2017-08-06,,
2017-08-07,,
2017-08-08,22.0,1.0
2017-08-09,,
2017-08-10,,
2017-08-11,,
2017-08-12,,
2017-08-13,,
2017-08-14,15.0,0.0
2017-08-15,,
2017-08-16,28.5,1.0
2017-08-17,,
2017-08-18,,
2017-08-19,,
2017-08-20,,
2017-08-21,,
2017-08-22,0.0,24.0
2017-08-23,,
2017-08-24,25.0,0.86
2017-08-25,,
2017-08-26,,
2017-08-27,,
2017-08-28,,
2017-08-29,,
2017-08-30,23.5,1.0
2017-08-31,,
2017-09-01,,
2017-09-02,,
2017-09-03,,
2017-09-04,17.0,0.0
2017-09-05,26.0,1.67
2017-09-06,,
2017-09-07,,
2017-09-08,,
2017-09-09,,
2017-09-10,,
2017-09-11,,
2017-09-12,23.0,4.5
2017-09-13,31.0,1.0
2017-09-14,,
2017-09-15,,
2017-09-16,,
2017-09-17,,
2017-09-18,,
2017-09-19,,
2017-09-20,26.33,0.33
2017-09-21,23.0,2.0
2017-09-22,,
2017-09-23,,
2017-09-24,,
2017-09-25,,
2017-09-26,24.0,5.5
2017-09-27,22.0,0.0
2017-09-28,,
2017-09-29,,
2017-09-30,,
2017-10-01,,
2017-10-02,,
2017-10-03,21.0,6.5
2017-10-04,,
2017-10-05,,
2017-10-06,,
2017-10-07,,
2017-10-08,,
2017-10-09,,
2017-10-10,,
2017-10-11,,
2017-10-12,,
2017-10-13,,
2017-10-14,,
2017-10-15,,
2017-10-16,,
2017-10-17,25.0,2.0
2017-10-18,24.5,2.0
2017-10-19,,
2017-10-20,,
2017-10-21,,
2017-10-22,,
2017-10-23,,
2017-10-24,,
2017-10-25,,
2017-10-26,,
2017-10-27,,
2017-10-28,,
2017-10-29,,
2017-10-30,,
2017-10-31,22.5,1.67
2017-11-01,,
2017-11-02,,
2017-11-03,,
2017-11-04,,
2017-11-05,,
2017-11-06,,
2017-11-07,24.0,2.67
2017-11-08,,
2017-11-09,22.0,0.0
2017-11-10,,
2017-11-11,,
2017-11-12,,
2017-11-13,,
2017-11-14,,
2017-11-15,,
2017-11-16,,
2017-11-17,,
2017-11-18,,
2017-11-19,,
2017-11-20,,
2017-11-21,16.0,9.0
2017-11-22,14.67,3.0
2017-11-23,,
2017-11-24,,
2017-11-25,,
2017-11-26,,
2017-11-27,,
2017-11-28,25.0,3.0
2017-11-29,22.0,4.25
2017-11-30,,
2017-12-01,,
2017-12-02,,
2017-12-03,,
2017-12-04,,
2017-12-05,24.0,7.0
2017-12-06,21.2,4.0
2017-12-07,,
2017-12-08,,
2017-12-09,,
2017-12-10,,
2017-12-11,,
2017-12-12,21.67,0.33
2017-12-13,18.33,5.0
2017-12-14,,
2017-12-15,,
2017-12-16,,
2017-12-17,,
2017-12-18,,
2017-12-19,20.0,1.0
2017-12-20,,
2017-12-21,,
2017-12-22,,
2017-12-23,,
2017-12-24,,
2017-12-25,,
2017-12-26,,
2017-12-27,,
2017-12-28,,
2017-12-29,,
2017-12-30,,
2017-12-31,,
2018-01-01,,
2018-01-02,,
2018-01-03,,
2018-01-04,,
2018-01-05,,
2018-01-06,,
2018-01-07,,
2018-01-08,,
2018-01-09,,
2018-01-10,,
2018-01-11,,
2018-01-12,,
2018-01-13,,
2018-01-14,,
2018-01-15,,
2018-01-16,,
2018-01-17,,
2018-01-18,,
2018-01-19,,
2018-01-20,,
2018-01-21,,
2018-01-22,,
2018-01-23,,
2018-01-24,,
2018-01-25,,
2018-01-26,,
2018-01-27,,
2018-01-28,,
2018-01-29,,
2018-01-30,,
2018-01-31,,
2018-02-01,,
2018-02-02,,
2018-02-03,,
2018-02-04,,
2018-02-05,,
2018-02-06,7.0,17.0
2018-02-07,,
2018-02-08,,
2018-02-09,,
2018-02-10,,
2018-02-11,,
2018-02-12,,
2018-02-13,,
2018-02-14,,
2018-02-15,,
2018-02-16,,
2018-02-17,,
2018-02-18,,
2018-02-19,22.5,0.0
2018-02-20,26.75,0.0
2018-02-21,,
2018-02-22,,
2018-02-23,,
2018-02-24,,
2018-02-25,,
2018-02-26,,
2018-02-27,23.0,5.0
2018-02-28,,
2018-03-01,,
2018-03-02,,
2018-03-03,,
2018-03-04,,
2018-03-05,,
2018-03-06,,
2018-03-07,,
2018-03-08,,
2018-03-09,,
2018-03-10,,
2018-03-11,,
2018-03-12,,
2018-03-13,21.0,5.0
2018-03-14,30.0,1.0
2018-03-15,,
2018-03-16,,
2018-03-17,,
2018-03-18,,
2018-03-19,,
2018-03-20,24.0,2.0
2018-03-21,,
2018-03-22,,
2018-03-23,,
2018-03-24,,
2018-03-25,,
2018-03-26,,
2018-03-27,,
2018-03-28,,
2018-03-29,,
2018-03-30,,
2018-03-31,,
2018-04-01,,
2018-04-02,,
2018-04-03,,
2018-04-04,26.0,0.5
2018-04-05,,
2018-04-06,,
2018-04-07,,
2018-04-08,,
2018-04-09,,
2018-04-10,,
2018-04-11,17.4,5.0
2018-04-12,,
2018-04-13,,
2018-04-14,,
2018-04-15,,
2018-04-16,,
2018-04-17,21.0,0.0
2018-04-18,24.6,0.8
2018-04-19,,
2018-04-20,,
2018-04-21,,
2018-04-22,,
2018-04-23,,
2018-04-24,22.6,0.2
2018-04-25,,
2018-04-26,25.75,0.5
2018-04-27,,
2018-04-28,,
2018-04-29,,
2018-04-30,,
2018-05-01,,
2018-05-02,,
2018-05-03,,
2018-05-04,,
2018-05-05,,
2018-05-06,,
2018-05-07,,
2018-05-08,23.67,0.67
2018-05-09,26.25,1.75
2018-05-10,,
2018-05-11,,
2018-05-12,,
2018-05-13,,
2018-05-14,,
2018-05-15,,
2018-05-16,26.36,1.43
2018-05-17,,
2018-05-18,,
2018-05-19,,
2018-05-20,,
2018-05-21,,
2018-05-22,31.0,0.0
2018-05-23,,
2018-05-24,,
2018-05-25,,
2018-05-26,,
2018-05-27,,
2018-05-28,13.0,1.0
2018-05-29,,
2018-05-30,,
2018-05-31,,
2018-06-01,,
2018-06-02,,
2018-06-03,,
2018-06-04,,
2018-06-05,,
2018-06-06,22.33,1.33
2018-06-07,,
2018-06-08,,
2018-06-09,,
2018-06-10,,
2018-06-11,,
2018-06-12,,
2018-06-13,25.5,4.0
2018-06-14,,
2018-06-15,,
2018-06-16,,
2018-06-17,,
2018-06-18,,
2018-06-19,22.4,4.2
2018-06-20,18.67,1.33
2018-06-21,,
2018-06-22,,
2018-06-23,,
2018-06-24,,
2018-06-25,18.0,0.0
2018-06-26,,
2018-06-27,,
2018-06-28,,
2018-06-29,,
2018-06-30,,
2018-07-01,,
2018-07-02,,
2018-07-03,23.0,3.67
2018-07-04,21.8,3.1
2018-07-05,,
2018-07-06,,
2018-07-07,,
2018-07-08,,
2018-07-09,,
2018-07-10,23.2,7.4
2018-07-11,,
2018-07-12,,
2018-07-13,,
2018-07-14,,
2018-07-15,,
2018-07-16,,
2018-07-17,,
2018-07-18,,
2018-07-19,,
2018-07-20,,
2018-07-21,,
2018-07-22,,
2018-07-23,,
2018-07-24,,
2018-07-25,,
2018-07-26,,
2018-07-27,,
2018-07-28,,
2018-07-29,,
2018-07-30,,
2018-07-31,,
2018-08-01,,
2018-08-02,,
2018-08-03,,
2018-08-04,,
2018-08-05,,
2018-08-06,,
2018-08-07,,
2018-08-08,,
2018-08-09,,
2018-08-10,,
2018-08-11,,
2018-08-12,,
2018-08-13,,
2018-08-14,,
2018-08-15,,
2018-08-16,,
2018-08-17,,
2018-08-18,,
2018-08-19,,
2018-08-20,,
2018-08-21,,
2018-08-22,,
2018-08-23,,
2018-08-24,,
2018-08-25,,
2018-08-26,,
2018-08-27,,
2018-08-28,,
2018-08-29,,
2018-08-30,,
2018-08-31,,
2018-09-01,,
2018-09-02,,
2018-09-03,,
2018-09-04,,
2018-09-05,,
2018-09-06,,
2018-09-07,,
2018-09-08,,
2018-09-09,,
2018-09-10,,
2018-09-11,,
2018-09-12,,
2018-09-13,,
2018-09-14,,
2018-09-15,,
2018-09-16,,
2018-09-17,,
2018-09-18,,
2018-09-19,,
2018-09-20,,
2018-09-21,,
2018-09-22,,
2018-09-23,,
2018-09-24,,
2018-09-25,,
2018-09-26,,
2018-09-27,,
2018-09-28,,
2018-09-29,,
2018-09-30,,
2018-10-01,,
2018-10-02,,
2018-10-03,,
2018-10-04,,
2018-10-05,,
2018-10-06,,
2018-10-07,,
2018-10-08,,
2018-10-09,,
2018-10-10,,
2018-10-11,,
2018-10-12,,
2018-10-13,,
2018-10-14,,
2018-10-15,,
2018-10-16,,
2018-10-17,,
2018-10-18,,
2018-10-19,,
2018-10-20,,
2018-10-21,,
2018-10-22,,
2018-10-23,,
2018-10-24,,
2018-10-25,,
2018-10-26,,
2018-10-27,,
2018-10-28,,
2018-10-29,,
2018-10-30,23.5,0.0
2018-10-31,,
2018-11-01,,
2018-11-02,,
2018-11-03,,
2018-11-04,,
2018-11-05,,
2018-11-06,,
2018-11-07,,
2018-11-08,,
2018-11-09,,
2018-11-10,,
2018-11-11,,
2018-11-12,,
2018-11-13,,
2018-11-14,,
2018-11-15,,
2018-11-16,,
2018-11-17,,
2018-11-18,,
2018-11-19,,
2018-11-20,18.0,1.0
2018-11-21,14.25,4.5
2018-11-22,,
2018-11-23,,
2018-11-24,,
2018-11-25,,
2018-11-26,,
2018-11-27,30.0,1.0
2018-11-28,,
2018-11-29,,
2018-11-30,,
2018-12-01,,
2018-12-02,,
2018-12-03,,
2018-12-04,,
2018-12-05,,
2018-12-06,,
2018-12-07,,
2018-12-08,,
2018-12-09,,
2018-12-10,,
2019-01-01,23.0,1.0
