voteId,dataHoraFim,com_governo,contra_governo
0001,2016-04-17 23:50:00,137.0,375.0
0002,2017-08-02 13:54:00,261.0,233.0
0003,2017-10-25 14:23:00,252.0,245.0
1855,2003-04-08 20:00:37,293.0,105.0
1856,2003-04-15 20:01:34,198.0,185.0
1859,2003-04-23 22:27:49,328.0,74.0
1861,2003-04-29 22:35:21,366.0,71.0
1862,2003-04-30 18:23:11,195.0,126.0
1863,2003-05-06 20:20:09,302.0,94.0
1864,2003-05-06 20:20:09,241.0,217.0
1865,2003-05-06 22:14:19,250.0,81.0
1867,2003-05-20 19:42:27,409.0,3.0
1869,2003-05-22 14:01:20,183.0,42.0
1870,2003-05-27 20:23:23,333.0,35.0
1871,2003-05-28 20:02:34,278.0,162.0
1876,2003-06-04 20:20:48,304.0,95.0
1877,2003-06-04 20:20:48,379.0,4.0
1880,2003-06-10 22:04:26,238.0,125.0
1883,2003-06-11 21:16:46,289.0,103.0
1905,2003-07-31 13:56:29,270.0,39.0
1908,2003-08-05 15:02:21,224.0,125.0
1909,2003-08-05 20:30:14,236.0,166.0
1910,2003-08-06 01:15:12,268.0,88.0
1911,2003-08-06 01:15:12,358.0,136.0
1915,2003-08-07 03:05:08,247.0,36.0
1916,2003-08-07 03:05:08,378.0,81.0
1917,2003-08-07 03:05:08,356.0,56.0
1920,2003-08-07 03:05:08,326.0,165.0
1923,2003-08-12 14:30:22,266.0,68.0
1924,2003-08-12 14:30:22,243.0,53.0
1925,2003-08-12 19:32:28,248.0,45.0
1926,2003-08-12 19:32:28,271.0,99.0
1927,2003-08-12 19:32:28,319.0,73.0
1928,2003-08-13 18:02:50,337.0,99.0
1929,2003-08-13 23:08:57,437.0,23.0
1930,2003-08-13 23:08:57,404.0,62.0
1931,2003-08-13 23:08:57,362.0,114.0
1932,2003-08-13 23:08:57,445.0,18.0
1936,2003-08-26 19:30:23,339.0,88.0
1937,2003-08-27 15:01:29,271.0,74.0
1938,2003-08-27 15:01:29,267.0,66.0
1939,2003-08-27 20:01:18,287.0,66.0
1940,2003-08-27 20:01:18,358.0,130.0
1941,2003-08-28 18:08:04,20.0,34.0
1942,2003-09-02 21:55:45,275.0,79.0
1943,2003-09-02 21:55:45,287.0,53.0
1944,2003-09-03 19:12:45,134.0,173.0
1947,2003-09-10 15:27:32,322.0,35.0
1948,2003-09-10 21:05:47,286.0,31.0
1950,2003-09-10 21:05:47,315.0,53.0
1951,2003-09-10 21:05:47,347.0,98.0
1952,2003-09-11 00:18:47,260.0,28.0
1953,2003-09-11 00:18:47,371.0,47.0
1954,2003-09-11 00:18:47,256.0,41.0
1956,2003-09-11 00:18:47,335.0,84.0
1957,2003-09-15 23:32:00,261.0,33.0
1958,2003-09-15 23:32:00,266.0,33.0
1959,2003-09-15 23:32:00,210.0,66.0
1960,2003-09-16 02:13:30,229.0,55.0
1961,2003-09-16 02:13:30,224.0,52.0
1962,2003-09-16 16:34:56,253.0,33.0
1963,2003-09-16 16:34:56,244.0,86.0
1964,2003-09-16 23:24:10,282.0,28.0
1965,2003-09-16 23:24:10,340.0,39.0
1966,2003-09-16 23:24:10,346.0,100.0
1967,2003-09-16 23:24:10,334.0,96.0
1969,2003-09-16 23:24:10,281.0,140.0
1970,2003-09-16 23:24:10,335.0,82.0
1972,2003-09-17 18:05:44,242.0,69.0
1973,2003-09-17 18:05:44,247.0,87.0
1974,2003-09-17 18:05:44,245.0,81.0
1975,2003-09-17 18:05:44,246.0,69.0
1976,2003-09-17 18:05:44,269.0,73.0
1977,2003-09-17 18:05:44,282.0,78.0
1978,2003-09-17 18:05:44,302.0,87.0
1979,2003-09-24 21:10:15,225.0,59.0
1980,2003-09-24 21:10:15,253.0,69.0
1981,2003-09-24 21:10:15,254.0,69.0
1983,2003-09-25 00:17:55,267.0,66.0
1984,2003-09-25 00:17:55,347.0,93.0
1985,2003-09-25 00:17:55,331.0,85.0
1986,2003-09-25 00:17:55,337.0,82.0
1988,2003-10-08 20:03:23,235.0,66.0
1989,2003-10-15 20:13:26,218.0,67.0
1990,2003-10-15 20:13:26,224.0,78.0
1991,2003-10-15 20:13:26,316.0,4.0
1992,2003-10-15 20:13:26,276.0,45.0
1993,2003-10-15 22:43:19,268.0,82.0
1996,2003-10-23 14:48:52,229.0,30.0
1997,2003-10-28 20:02:20,210.0,72.0
1999,2003-11-12 21:34:13,205.0,96.0
2002,2003-11-19 20:18:21,295.0,32.0
2005,2003-11-25 20:03:30,303.0,31.0
2006,2003-11-25 20:03:30,254.0,54.0
2008,2003-11-26 20:02:21,299.0,78.0
2009,2003-12-02 20:03:13,235.0,74.0
2010,2003-12-02 20:03:13,242.0,78.0
2011,2003-12-02 22:54:53,243.0,108.0
2017,2003-12-17 13:58:25,253.0,54.0
2018,2003-12-17 20:00:45,261.0,42.0
2019,2003-12-17 20:00:45,265.0,44.0
2020,2003-12-18 18:43:37,258.0,36.0
2021,2003-12-18 23:00:20,258.0,32.0
2022,2003-12-18 23:00:20,254.0,60.0
2023,2003-12-18 23:00:20,252.0,34.0
2026,2004-01-21 20:15:21,302.0,82.0
2027,2004-01-21 20:15:21,273.0,89.0
2028,2004-01-21 20:15:21,305.0,82.0
2029,2004-01-22 19:36:33,75.0,38.0
2031,2004-01-28 13:33:11,249.0,77.0
2033,2004-01-28 20:13:55,265.0,60.0
2034,2004-01-28 23:31:40,295.0,67.0
2035,2004-01-28 23:31:40,329.0,61.0
2036,2004-02-03 19:01:19,256.0,67.0
2037,2004-02-03 21:41:53,232.0,50.0
2038,2004-02-04 23:08:03,272.0,54.0
2039,2004-02-05 02:20:47,279.0,131.0
2065,2004-02-17 19:08:04,263.0,48.0
2105,2004-03-02 20:00:21,254.0,31.0
2106,2004-03-03 19:59:41,257.0,57.0
2108,2004-03-10 19:02:05,221.0,154.0
2109,2004-03-11 13:15:10,149.0,41.0
2110,2004-03-11 18:33:04,210.0,55.0
2111,2004-03-11 18:33:04,190.0,37.0
2112,2004-03-23 19:02:39,252.0,81.0
2113,2004-03-23 21:57:09,245.0,108.0
2116,2004-03-24 14:00:31,343.0,2.0
2117,2004-03-30 20:06:59,259.0,74.0
2118,2004-03-30 20:06:59,251.0,57.0
2119,2004-03-30 23:17:56,255.0,61.0
2120,2004-03-30 23:17:56,295.0,79.0
2121,2004-03-31 20:53:32,416.0,2.0
2161,2004-04-06 19:40:18,238.0,60.0
2164,2004-04-13 20:01:42,247.0,89.0
2165,2004-04-13 21:48:37,244.0,87.0
2166,2004-04-14 19:40:49,246.0,96.0
2167,2004-04-14 19:40:49,217.0,90.0
2168,2004-04-27 20:01:28,248.0,100.0
2169,2004-04-27 20:01:28,221.0,74.0
2170,2004-04-27 21:51:05,248.0,87.0
2171,2004-04-28 19:24:14,256.0,95.0
2173,2004-05-04 22:10:22,244.0,86.0
2174,2004-05-04 22:10:22,239.0,92.0
2176,2004-05-04 22:10:22,194.0,131.0
2177,2004-05-05 18:14:42,248.0,77.0
2178,2004-05-05 18:14:42,199.0,112.0
2179,2004-05-05 22:19:30,259.0,71.0
2183,2004-05-12 19:07:30,294.0,7.0
2184,2004-05-12 22:24:29,266.0,120.0
2188,2004-05-19 17:45:49,207.0,64.0
2195,2004-06-02 17:01:36,254.0,66.0
2196,2004-06-02 21:05:21,266.0,174.0
2197,2004-06-02 21:05:21,232.0,172.0
2198,2004-06-08 20:01:42,251.0,64.0
2199,2004-06-15 19:55:09,226.0,70.0
2201,2004-06-23 18:30:55,272.0,177.0
2202,2004-07-05 20:04:19,214.0,59.0
2204,2004-07-06 19:17:56,249.0,116.0
2205,2004-07-07 15:02:04,254.0,65.0
2206,2004-07-07 15:02:04,280.0,60.0
2208,2004-07-07 20:05:16,159.0,188.0
2251,2004-08-11 22:54:17,345.0,13.0
2264,2004-08-25 13:03:55,140.0,109.0
2265,2004-08-25 20:09:37,122.0,154.0
2266,2004-09-14 20:06:10,118.0,61.0
2268,2004-10-06 21:00:03,249.0,39.0
2270,2004-10-19 20:02:36,253.0,66.0
2271,2004-10-19 20:02:36,197.0,21.0
2272,2004-10-19 21:21:32,255.0,57.0
2273,2004-10-20 20:03:14,255.0,110.0
2274,2004-10-20 21:24:54,226.0,88.0
2275,2004-10-26 20:20:09,119.0,63.0
2276,2004-11-09 20:00:47,125.0,144.0
2277,2004-11-17 19:01:23,40.0,48.0
2278,2004-11-17 20:37:08,140.0,147.0
2279,2004-11-23 17:26:58,178.0,37.0
2280,2004-11-23 21:07:36,255.0,66.0
2281,2004-11-23 21:07:36,247.0,91.0
2282,2004-11-24 13:17:14,158.0,34.0
2283,2004-11-24 18:35:09,251.0,81.0
2284,2004-11-24 22:29:19,210.0,87.0
2285,2004-11-30 20:14:38,267.0,50.0
2286,2004-11-30 20:14:38,277.0,93.0
2287,2004-12-01 01:17:23,281.0,82.0
2288,2004-12-01 01:17:23,255.0,68.0
2289,2004-12-01 01:17:23,254.0,151.0
2290,2004-12-01 17:51:42,254.0,63.0
2291,2004-12-01 22:40:26,262.0,55.0
2293,2004-12-08 16:33:52,170.0,116.0
2294,2004-12-08 17:15:58,83.0,85.0
2295,2004-12-14 20:14:27,311.0,14.0
2296,2004-12-14 20:14:27,285.0,70.0
2297,2004-12-14 20:14:27,274.0,86.0
2298,2004-12-14 23:55:27,259.0,74.0
2312,2005-02-23 21:02:08,300.0,96.0
2314,2005-03-02 20:04:28,331.0,46.0
2315,2005-03-02 23:22:56,353.0,62.0
2316,2005-03-02 23:22:56,367.0,63.0
2317,2005-03-02 23:22:56,313.0,79.0
2319,2005-03-02 23:22:56,307.0,81.0
2320,2005-03-09 22:53:47,238.0,132.0
2324,2005-03-15 20:29:01,276.0,99.0
2337,2005-03-30 19:26:30,74.0,186.0
2338,2005-04-19 20:39:32,139.0,78.0
2347,2005-06-01 18:16:36,274.0,105.0
2348,2005-06-01 18:16:36,286.0,85.0
2349,2005-06-07 20:04:06,214.0,203.0
2351,2005-06-15 20:01:18,172.0,168.0
2356,2005-06-16 20:10:31,7.0,141.0
2360,2005-06-22 12:22:20,276.0,75.0
2361,2005-06-22 20:30:24,233.0,175.0
2362,2005-06-22 20:30:24,321.0,25.0
2365,2005-06-23 12:42:13,209.0,31.0
2366,2005-06-27 21:22:37,188.0,60.0
2370,2005-06-28 18:47:59,240.0,90.0
2371,2005-06-29 00:04:29,255.0,95.0
2373,2005-06-29 00:04:29,255.0,78.0
2374,2005-06-29 00:04:29,231.0,54.0
2375,2005-06-29 14:01:41,251.0,82.0
2383,2005-06-29 23:31:53,246.0,80.0
2387,2005-06-30 02:19:45,255.0,53.0
2389,2005-06-30 02:19:45,225.0,22.0
2391,2005-06-30 15:00:34,254.0,72.0
2392,2005-07-04 21:36:38,160.0,78.0
2393,2005-07-05 13:36:03,215.0,75.0
2394,2005-07-05 19:41:06,253.0,118.0
2396,2005-07-06 14:57:50,283.0,91.0
2400,2005-07-06 19:59:08,235.0,57.0
2401,2005-07-06 23:48:17,259.0,54.0
2406,2005-08-17 20:00:18,318.0,21.0
2408,2005-08-23 20:02:50,292.0,35.0
2409,2005-08-24 19:15:39,330.0,23.0
2413,2005-08-31 19:30:16,235.0,87.0
2422,2005-10-04 20:16:37,221.0,139.0
2424,2005-10-05 20:01:26,260.0,79.0
2425,2005-10-05 20:01:26,256.0,76.0
2430,2005-10-19 20:54:55,277.0,39.0
2434,2005-10-20 19:26:20,92.0,36.0
2437,2005-10-26 20:28:54,250.0,102.0
2439,2005-10-31 19:03:34,179.0,70.0
2441,2005-11-01 20:02:49,76.0,75.0
2442,2005-11-08 20:18:57,259.0,121.0
2452,2005-11-09 00:48:04,251.0,81.0
2458,2005-11-09 13:35:53,252.0,95.0
2459,2005-11-09 21:59:16,175.0,116.0
2460,2005-11-09 21:59:16,247.0,143.0
2463,2005-11-16 20:53:14,221.0,90.0
2467,2005-11-29 20:21:53,383.0,6.0
2473,2005-12-07 20:00:10,273.0,35.0
2478,2005-12-13 22:32:48,49.0,303.0
2479,2005-12-13 22:32:48,217.0,84.0
2490,2006-01-18 21:33:36,439.0,14.0
2491,2006-01-19 13:59:03,280.0,104.0
2496,2006-01-24 21:52:35,388.0,67.0
2504,2006-01-31 21:15:18,259.0,160.0
2505,2006-02-01 20:07:32,224.0,129.0
2510,2006-02-01 20:42:09,433.0,14.0
2512,2006-02-07 20:26:27,287.0,2.0
2514,2006-02-07 20:26:27,201.0,223.0
2519,2006-02-13 22:06:58,288.0,76.0
2520,2006-02-14 12:38:54,278.0,74.0
2523,2006-02-21 20:59:37,197.0,164.0
2527,2006-03-07 20:04:34,238.0,118.0
2531,2006-03-14 19:52:08,260.0,85.0
2532,2006-03-14 19:52:08,261.0,74.0
2552,2006-03-28 20:14:28,296.0,41.0
2554,2006-04-04 20:11:00,255.0,68.0
2555,2006-04-04 20:11:00,221.0,188.0
2558,2006-04-11 20:59:37,217.0,73.0
2561,2006-04-12 19:38:05,116.0,173.0
2565,2006-04-26 21:56:57,190.0,155.0
2568,2006-05-02 20:07:05,253.0,77.0
2572,2006-05-09 20:03:40,172.0,173.0
2581,2006-05-17 20:39:28,251.0,84.0
2584,2006-05-17 20:39:28,165.0,240.0
2588,2006-05-31 20:17:12,177.0,167.0
2593,2006-06-07 20:06:48,188.0,250.0
2614,2006-11-21 18:47:42,186.0,164.0
2617,2006-11-22 21:36:17,340.0,9.0
2624,2006-11-29 20:33:55,284.0,37.0
2635,2006-12-13 15:27:21,325.0,21.0
2636,2006-12-13 15:27:21,268.0,3.0
2637,2006-12-13 18:16:11,274.0,96.0
2642,2006-12-20 20:00:45,247.0,106.0
2650,2007-02-06 18:51:32,332.0,80.0
2654,2007-02-12 20:02:34,237.0,100.0
2671,2007-02-14 20:00:35,310.0,130.0
2673,2007-02-14 22:15:58,398.0,8.0
2677,2007-02-26 19:00:23,228.0,97.0
2680,2007-02-27 20:00:09,392.0,62.0
2681,2007-02-28 20:02:12,323.0,118.0
2684,2007-02-28 21:11:28,295.0,151.0
2688,2007-03-05 18:59:33,281.0,44.0
2690,2007-03-06 19:36:06,393.0,42.0
2700,2007-03-13 19:00:27,312.0,87.0
2702,2007-03-13 19:00:27,315.0,78.0
2704,2007-03-14 20:38:07,311.0,80.0
2706,2007-03-14 20:38:07,294.0,73.0
2711,2007-03-15 19:34:35,291.0,34.0
2713,2007-03-21 19:00:18,293.0,81.0
2716,2007-03-21 22:42:13,311.0,115.0
2719,2007-03-26 20:10:00,232.0,84.0
2726,2007-04-02 19:48:50,264.0,77.0
2727,2007-04-03 20:02:13,340.0,40.0
2728,2007-04-03 20:02:13,286.0,85.0
2729,2007-04-03 22:56:02,288.0,79.0
2730,2007-04-03 22:56:02,233.0,119.0
2731,2007-04-09 19:43:37,255.0,25.0
2732,2007-04-10 13:52:58,278.0,59.0
2735,2007-04-10 20:09:42,288.0,71.0
2737,2007-04-10 20:09:42,255.0,72.0
2739,2007-04-10 20:09:42,301.0,63.0
2744,2007-04-11 20:08:38,346.0,33.0
2751,2007-04-12 13:58:19,260.0,89.0
2752,2007-04-17 13:50:04,236.0,69.0
2753,2007-04-17 20:00:36,316.0,29.0
2757,2007-04-17 20:00:36,312.0,108.0
2758,2007-04-17 20:00:36,321.0,106.0
2762,2007-04-18 19:00:33,362.0,34.0
2775,2007-04-24 13:08:39,231.0,64.0
2776,2007-04-24 19:00:40,279.0,22.0
2781,2007-05-02 18:45:25,237.0,85.0
2785,2007-05-08 19:50:49,262.0,109.0
2790,2007-05-09 20:50:16,233.0,171.0
2795,2007-05-15 20:00:38,315.0,94.0
2796,2007-05-15 20:00:38,301.0,111.0
2798,2007-05-16 21:34:58,331.0,111.0
2804,2007-05-23 22:25:52,307.0,126.0
2813,2007-05-29 19:59:13,306.0,103.0
2815,2007-05-29 19:59:13,162.0,286.0
2816,2007-05-30 22:26:54,378.0,48.0
2830,2007-06-04 19:47:56,273.0,70.0
2831,2007-06-05 19:17:50,307.0,105.0
2841,2007-06-12 20:00:49,250.0,170.0
2855,2007-06-20 18:59:15,309.0,54.0
2856,2007-06-26 14:06:59,272.0,25.0
2857,2007-06-26 14:06:59,184.0,93.0
2858,2007-06-26 14:06:59,132.0,177.0
2859,2007-06-26 20:00:33,273.0,80.0
2861,2007-06-26 21:46:34,350.0,32.0
2879,2007-07-10 20:17:20,281.0,35.0
2887,2007-08-07 19:00:24,366.0,54.0
2892,2007-08-14 23:47:21,271.0,66.0
2906,2007-08-22 13:55:01,282.0,83.0
2910,2007-08-22 19:17:25,263.0,54.0
2913,2007-08-22 19:17:25,262.0,54.0
2916,2007-08-29 19:00:36,274.0,72.0
2920,2007-09-04 13:26:57,256.0,46.0
2922,2007-09-04 20:02:55,280.0,41.0
2925,2007-09-05 20:16:41,293.0,123.0
2926,2007-09-05 20:16:41,275.0,115.0
2927,2007-09-05 20:16:41,273.0,113.0
2928,2007-09-11 19:00:06,254.0,64.0
2929,2007-09-11 19:00:06,262.0,56.0
2943,2007-09-18 19:04:39,282.0,62.0
2945,2007-09-19 00:10:14,282.0,70.0
2947,2007-09-19 00:10:14,304.0,65.0
2948,2007-09-19 00:10:14,273.0,35.0
2949,2007-09-19 00:10:14,278.0,45.0
2950,2007-09-19 02:32:57,265.0,55.0
2955,2007-09-19 15:32:19,252.0,103.0
2957,2007-09-19 15:32:19,248.0,65.0
2958,2007-09-19 20:01:18,270.0,80.0
2961,2007-09-19 20:01:18,298.0,87.0
2962,2007-09-19 23:34:16,267.0,79.0
2964,2007-09-19 23:34:16,338.0,123.0
2967,2007-09-25 20:41:21,367.0,64.0
2968,2007-09-26 14:35:20,254.0,48.0
2970,2007-09-26 20:00:35,283.0,56.0
2972,2007-09-26 20:00:35,295.0,64.0
2973,2007-09-26 20:00:35,301.0,70.0
2976,2007-09-27 01:06:33,297.0,70.0
2977,2007-09-27 01:06:33,323.0,65.0
2978,2007-09-27 01:06:33,339.0,108.0
2979,2007-09-27 01:06:33,339.0,100.0
2980,2007-09-27 01:06:33,340.0,107.0
2981,2007-09-27 01:06:33,335.0,103.0
2982,2007-09-27 01:06:33,339.0,103.0
2983,2007-09-27 02:31:25,296.0,77.0
2984,2007-09-27 02:31:25,340.0,104.0
2987,2007-10-02 20:00:38,259.0,59.0
2990,2007-10-02 20:00:38,252.0,55.0
2992,2007-10-02 20:00:38,298.0,56.0
2993,2007-10-02 22:51:04,284.0,55.0
2994,2007-10-02 22:51:04,286.0,24.0
2995,2007-10-02 22:51:04,258.0,35.0
2997,2007-10-03 20:00:58,255.0,49.0
2998,2007-10-03 20:00:58,283.0,40.0
3001,2007-10-03 20:00:58,301.0,49.0
3002,2007-10-03 23:29:51,288.0,49.0
3003,2007-10-03 23:29:51,260.0,20.0
3005,2007-10-08 22:14:27,250.0,64.0
3006,2007-10-08 22:14:27,259.0,35.0
3009,2007-10-09 13:18:39,254.0,48.0
3011,2007-10-09 18:27:08,261.0,58.0
3013,2007-10-10 00:09:50,294.0,54.0
3014,2007-10-10 00:09:50,276.0,45.0
3015,2007-10-10 00:09:50,333.0,120.0
3017,2007-10-10 00:09:50,331.0,114.0
3018,2007-10-10 03:53:01,318.0,83.0
3019,2007-10-10 03:53:01,330.0,93.0
3020,2007-10-10 03:53:01,334.0,53.0
3021,2007-10-10 03:53:01,325.0,45.0
3022,2007-10-10 03:53:01,325.0,37.0
3023,2007-10-10 03:53:01,325.0,33.0
3024,2007-10-10 03:53:01,326.0,34.0
3058,2007-10-16 19:00:54,282.0,89.0
3059,2007-10-17 19:01:11,297.0,99.0
3061,2007-10-17 23:45:24,302.0,99.0
3062,2007-10-17 23:45:24,161.0,223.0
3063,2007-10-17 23:45:24,183.0,201.0
3071,2007-10-23 22:09:49,258.0,87.0
3072,2007-10-24 19:00:02,278.0,114.0
3076,2007-10-31 20:05:08,283.0,129.0
3077,2007-10-31 20:05:08,291.0,114.0
3080,2007-10-31 20:05:08,319.0,31.0
3081,2007-10-31 22:44:59,284.0,117.0
3083,2007-10-31 22:44:59,263.0,114.0
3085,2007-11-06 20:00:07,310.0,42.0
3088,2007-11-06 20:00:07,252.0,91.0
3089,2007-11-06 20:00:07,270.0,92.0
3090,2007-11-06 20:53:53,328.0,115.0
3093,2007-11-13 19:00:20,261.0,88.0
3096,2007-11-20 20:07:06,234.0,203.0
3097,2007-11-21 19:00:10,269.0,49.0
3100,2007-11-27 19:00:22,249.0,139.0
3117,2008-02-13 18:55:11,337.0,118.0
3118,2008-02-19 20:20:42,305.0,75.0
3121,2008-02-19 20:20:42,286.0,90.0
3132,2008-02-26 20:04:49,274.0,130.0
3134,2008-02-26 20:04:49,303.0,106.0
3137,2008-02-26 20:50:09,320.0,111.0
3147,2008-02-27 20:10:56,296.0,97.0
3149,2008-02-27 20:10:56,314.0,106.0
3154,2008-03-05 21:01:46,296.0,78.0
3158,2008-03-05 21:01:46,282.0,55.0
3164,2008-03-05 21:01:46,286.0,61.0
3170,2008-03-11 20:00:49,252.0,56.0
3173,2008-03-11 20:00:49,294.0,52.0
3178,2008-03-11 22:27:27,267.0,59.0
3181,2008-03-11 22:27:27,234.0,178.0
3184,2008-03-18 20:01:32,254.0,72.0
3187,2008-03-18 20:01:32,283.0,53.0
3200,2008-03-25 18:59:57,251.0,61.0
3206,2008-03-26 20:00:21,258.0,50.0
3210,2008-03-26 20:00:21,260.0,38.0
3213,2008-03-26 20:00:21,275.0,42.0
3215,2008-03-26 20:00:21,265.0,41.0
3216,2008-03-26 23:59:06,279.0,61.0
3218,2008-03-26 23:59:06,279.0,28.0
3222,2008-03-26 23:59:06,245.0,25.0
3226,2008-04-01 18:59:26,274.0,84.0
3228,2008-04-02 18:59:36,231.0,67.0
3233,2008-04-08 18:59:40,278.0,58.0
3234,2008-04-08 18:59:40,247.0,55.0
3253,2008-04-22 21:24:21,264.0,84.0
3257,2008-04-23 20:10:31,222.0,208.0
3259,2008-04-23 21:17:55,166.0,229.0
3261,2008-04-29 20:00:48,277.0,23.0
3263,2008-04-29 22:22:49,258.0,97.0
3272,2008-05-06 20:02:16,357.0,64.0
3278,2008-05-07 20:29:28,272.0,84.0
3285,2008-05-13 20:01:52,289.0,112.0
3304,2008-05-27 19:59:40,381.0,25.0
3305,2008-05-27 22:51:27,419.0,12.0
3307,2008-05-28 19:00:47,252.0,69.0
3312,2008-05-28 19:00:47,262.0,72.0
3314,2008-05-28 22:08:02,277.0,68.0
3323,2008-06-03 20:00:12,255.0,50.0
3326,2008-06-03 20:00:12,267.0,49.0
3328,2008-06-03 21:04:55,265.0,65.0
3330,2008-06-04 18:20:45,253.0,61.0
3335,2008-06-04 18:20:45,243.0,62.0
3336,2008-06-04 19:45:56,259.0,65.0
3338,2008-06-10 23:17:56,263.0,69.0
3341,2008-06-11 14:13:58,226.0,76.0
3345,2008-06-11 14:13:58,206.0,110.0
3347,2008-06-11 19:18:21,288.0,139.0
3348,2008-06-11 19:18:21,241.0,81.0
3350,2008-06-11 19:18:21,259.0,162.0
3353,2008-06-17 20:03:40,244.0,67.0
3356,2008-06-17 20:03:40,253.0,48.0
3359,2008-06-18 14:53:32,262.0,60.0
3361,2008-06-18 14:53:32,291.0,111.0
3374,2008-07-01 20:00:13,254.0,46.0
3411,2008-08-12 20:13:47,222.0,58.0
3414,2008-08-12 20:13:47,226.0,66.0
3422,2008-08-12 21:13:05,239.0,73.0
3435,2008-08-20 18:27:01,290.0,2.0
3436,2008-09-02 19:01:49,260.0,72.0
3446,2008-10-14 20:00:40,266.0,48.0
3448,2008-10-14 20:00:40,258.0,48.0
3451,2008-10-14 22:21:29,257.0,39.0
3458,2008-10-29 17:34:22,265.0,46.0
3459,2008-10-29 17:34:22,266.0,43.0
3460,2008-10-29 21:40:31,254.0,45.0
3462,2008-10-29 21:40:31,258.0,29.0
3464,2008-11-04 19:58:01,223.0,90.0
3474,2008-11-12 14:01:40,249.0,77.0
3475,2008-11-12 18:01:38,259.0,77.0
3483,2008-11-18 19:38:29,279.0,52.0
3485,2008-11-19 14:15:29,280.0,100.0
3509,2008-11-26 21:22:43,246.0,93.0
3512,2008-12-02 18:59:14,261.0,55.0
3513,2008-12-03 20:06:18,276.0,57.0
3524,2008-12-09 19:30:46,204.0,114.0
3549,2008-12-17 23:11:22,302.0,32.0
3550,2008-12-17 23:11:22,265.0,68.0
3556,2009-02-17 20:04:36,268.0,86.0
3557,2009-02-17 20:04:36,192.0,138.0
3558,2009-02-17 20:04:36,126.0,254.0
3559,2009-02-17 20:04:36,150.0,253.0
3560,2009-02-17 20:04:36,321.0,7.0
3562,2009-02-18 13:19:59,302.0,19.0
3563,2009-02-18 13:19:59,276.0,39.0
3564,2009-02-18 13:19:59,297.0,10.0
3569,2009-03-11 13:42:22,233.0,75.0
3570,2009-03-11 18:59:34,265.0,60.0
3571,2009-03-17 19:02:34,251.0,51.0
3578,2009-03-25 20:02:42,257.0,78.0
3593,2009-04-01 20:27:35,248.0,63.0
3597,2009-04-01 20:27:35,285.0,72.0
3603,2009-04-07 20:00:55,249.0,54.0
3606,2009-04-07 20:00:55,181.0,125.0
3608,2009-04-07 20:00:55,264.0,72.0
3612,2009-04-14 20:05:13,274.0,105.0
3619,2009-04-14 20:05:13,290.0,111.0
3625,2009-04-15 20:01:14,363.0,60.0
3629,2009-04-22 20:00:23,222.0,124.0
3637,2009-04-29 22:43:48,269.0,58.0
3641,2009-04-29 22:43:48,270.0,38.0
3644,2009-04-30 01:26:48,232.0,65.0
3659,2009-05-12 18:50:54,207.0,105.0
3661,2009-05-13 20:00:23,266.0,72.0
3668,2009-05-13 22:38:09,279.0,98.0
3669,2009-05-13 22:38:09,295.0,75.0
3672,2009-05-13 22:38:09,261.0,88.0
3673,2009-05-13 22:38:09,269.0,101.0
3676,2009-05-19 21:19:57,307.0,82.0
3679,2009-05-19 21:19:57,32.0,308.0
3688,2009-05-20 20:23:40,148.0,228.0
3690,2009-05-26 18:57:42,272.0,26.0
3706,2009-06-02 20:02:14,268.0,113.0
3710,2009-06-02 22:28:38,315.0,94.0
3713,2009-06-03 19:31:02,174.0,90.0
3717,2009-06-03 19:31:02,274.0,95.0
3727,2009-06-09 22:02:57,263.0,29.0
3740,2009-06-30 22:04:37,301.0,51.0
3741,2009-06-30 22:04:37,318.0,12.0
3742,2009-06-30 22:04:37,340.0,2.0
3743,2009-06-30 22:04:37,315.0,19.0
3744,2009-06-30 22:04:37,338.0,8.0
3745,2009-06-30 22:04:37,262.0,84.0
3773,2009-08-04 19:00:09,287.0,13.0
3784,2009-08-05 22:22:24,162.0,210.0
3798,2009-08-18 18:56:40,253.0,92.0
3800,2009-08-19 20:14:22,193.0,169.0
3807,2009-08-19 20:14:22,69.0,315.0
3815,2009-08-26 18:59:52,212.0,129.0
3830,2009-09-01 19:31:54,247.0,67.0
3831,2009-09-02 20:01:49,254.0,57.0
3834,2009-09-02 20:01:49,275.0,40.0
3846,2009-09-09 19:57:29,156.0,211.0
3859,2009-09-16 19:29:17,296.0,5.0
3864,2009-09-16 19:29:17,380.0,7.0
3888,2009-09-22 20:01:54,312.0,88.0
3914,2009-10-06 22:08:50,240.0,122.0
3918,2009-10-06 22:08:50,223.0,88.0
3924,2009-10-07 21:19:53,390.0,12.0
3936,2009-10-14 21:04:25,133.0,203.0
3953,2009-10-21 19:11:25,214.0,73.0
3972,2009-10-22 00:13:08,254.0,23.0
3981,2009-10-27 18:59:33,264.0,34.0
3993,2009-10-28 20:01:44,291.0,62.0
3996,2009-10-28 21:42:13,267.0,72.0
4004,2009-11-03 18:41:39,203.0,119.0
4013,2009-11-04 21:53:41,328.0,82.0
4015,2009-11-10 22:07:45,260.0,49.0
4017,2009-11-10 22:07:45,269.0,38.0
4020,2009-11-10 22:07:45,257.0,52.0
4032,2009-11-11 20:05:33,268.0,107.0
4034,2009-11-11 20:05:33,289.0,99.0
4036,2009-11-11 21:09:58,289.0,82.0
4037,2009-11-11 21:09:58,301.0,80.0
4042,2009-11-17 20:02:38,259.0,25.0
4049,2009-11-17 20:02:38,260.0,37.0
4054,2009-11-18 18:04:34,239.0,40.0
4062,2009-11-18 18:04:34,250.0,68.0
4072,2009-11-18 19:46:52,286.0,90.0
4080,2009-11-24 19:58:52,251.0,90.0
4085,2009-11-24 19:58:52,250.0,66.0
4087,2009-11-25 19:38:52,252.0,76.0
4089,2009-11-25 19:38:52,239.0,80.0
4091,2009-11-25 22:32:57,338.0,85.0
4097,2009-12-02 15:00:58,261.0,54.0
4101,2009-12-02 15:00:58,255.0,40.0
4105,2009-12-02 20:02:29,258.0,57.0
4112,2009-12-02 20:02:29,270.0,47.0
4117,2009-12-02 23:11:32,269.0,38.0
4121,2009-12-02 23:11:32,253.0,27.0
4124,2009-12-08 21:06:09,256.0,73.0
4127,2009-12-08 21:06:09,254.0,57.0
4134,2009-12-09 19:07:52,251.0,42.0
4137,2009-12-09 19:07:52,258.0,79.0
4142,2009-12-09 23:49:40,249.0,48.0
4173,2010-02-23 22:41:25,273.0,65.0
4176,2010-02-23 22:41:25,254.0,47.0
4181,2010-02-23 22:41:25,330.0,12.0
4182,2010-02-24 14:34:25,213.0,70.0
4192,2010-02-24 20:14:03,228.0,41.0
4204,2010-03-02 19:48:15,251.0,111.0
4211,2010-03-03 19:56:26,210.0,85.0
4213,2010-03-03 19:56:26,262.0,97.0
4220,2010-03-09 19:31:18,298.0,13.0
4221,2010-03-09 19:31:18,323.0,4.0
4223,2010-03-10 22:07:30,299.0,41.0
4228,2010-03-10 22:07:30,72.0,372.0
4248,2010-03-17 21:29:57,346.0,4.0
4257,2010-03-24 17:01:05,254.0,51.0
4263,2010-03-24 20:59:34,258.0,51.0
4309,2010-04-28 20:16:44,128.0,216.0
4315,2010-05-04 20:02:49,193.0,170.0
4318,2010-05-04 21:08:14,80.0,327.0
4344,2010-05-12 21:17:04,263.0,48.0
4371,2010-05-26 19:01:25,206.0,103.0
4423,2010-08-03 20:27:10,257.0,41.0
4427,2010-08-04 19:58:55,260.0,31.0
4437,2010-11-09 19:53:26,234.0,68.0
4465,2010-11-23 19:56:56,259.0,74.0
4484,2010-12-02 00:44:28,204.0,72.0
4490,2010-12-02 00:44:28,262.0,7.0
4492,2010-12-07 18:41:36,286.0,14.0
4493,2010-12-07 18:41:36,226.0,123.0
4498,2010-12-08 20:36:45,258.0,103.0
4507,2010-12-14 23:36:13,327.0,4.0
4508,2010-12-14 23:36:13,318.0,3.0
4510,2010-12-15 14:47:46,279.0,39.0
4527,2011-02-15 21:25:34,392.0,26.0
4535,2011-02-16 23:39:47,377.0,116.0
4536,2011-02-16 23:39:47,362.0,132.0
4537,2011-02-17 00:25:38,351.0,120.0
4538,2011-02-22 20:00:57,270.0,72.0
4542,2011-02-22 20:00:57,283.0,75.0
4546,2011-02-22 22:17:23,310.0,67.0
4574,2011-04-05 20:00:45,299.0,56.0
4588,2011-04-06 19:14:01,204.0,70.0
4589,2011-04-06 23:56:50,337.0,77.0
4590,2011-04-06 23:56:50,287.0,46.0
4598,2011-04-06 23:56:50,286.0,55.0
4608,2011-04-13 18:22:00,41.0,342.0
4615,2011-04-26 19:28:50,273.0,73.0
4626,2011-05-03 23:16:23,400.0,21.0
4629,2011-05-10 18:00:30,263.0,58.0
4642,2011-05-18 19:18:07,269.0,50.0
4661,2011-05-25 20:17:52,270.0,104.0
4662,2011-05-25 20:17:52,257.0,95.0
4664,2011-05-25 20:17:52,265.0,122.0
4674,2011-06-08 21:56:19,293.0,72.0
4680,2011-06-15 19:59:28,271.0,49.0
4681,2011-06-15 23:49:29,262.0,44.0
4685,2011-06-15 23:49:29,272.0,81.0
4690,2011-06-28 20:42:15,264.0,91.0
4692,2011-06-28 20:42:15,310.0,99.0
4693,2011-06-28 23:05:57,247.0,86.0
4694,2011-06-28 23:05:57,238.0,77.0
4695,2011-06-28 23:05:57,334.0,14.0
4698,2011-07-05 19:58:23,229.0,81.0
4701,2011-07-05 19:58:23,260.0,102.0
4710,2011-08-03 20:06:54,268.0,19.0
4712,2011-08-03 20:06:54,297.0,15.0
4713,2011-08-03 22:23:30,318.0,15.0
4719,2011-08-16 20:01:00,246.0,57.0
4720,2011-08-17 19:57:28,256.0,45.0
4723,2011-08-17 19:57:28,316.0,68.0
4725,2011-08-17 22:01:45,218.0,158.0
4726,2011-08-23 20:15:59,265.0,136.0
4728,2011-08-23 20:57:35,286.0,113.0
4730,2011-08-24 21:59:47,286.0,32.0
4740,2011-08-31 20:49:57,170.0,201.0
4754,2011-09-20 22:49:17,240.0,119.0
4757,2011-09-21 23:01:40,351.0,56.0
4769,2011-10-05 19:36:43,252.0,83.0
4772,2011-10-05 23:04:50,181.0,107.0
4778,2011-10-19 19:30:38,267.0,95.0
4787,2011-10-26 22:27:55,213.0,90.0
4793,2011-11-08 22:51:00,299.0,54.0
4796,2011-11-08 22:51:00,298.0,48.0
4798,2011-11-08 22:51:00,291.0,42.0
4802,2011-11-09 02:29:51,282.0,46.0
4804,2011-11-09 02:29:51,358.0,50.0
4805,2011-11-09 02:29:51,353.0,49.0
4806,2011-11-09 02:29:51,369.0,59.0
4807,2011-11-09 02:29:51,347.0,46.0
4808,2011-11-09 02:29:51,333.0,48.0
4809,2011-11-09 19:06:08,261.0,53.0
4810,2011-11-09 19:06:08,267.0,56.0
4811,2011-11-09 19:06:08,344.0,76.0
4812,2011-11-09 19:06:08,347.0,69.0
4815,2011-11-09 22:41:52,356.0,73.0
4819,2011-11-22 19:05:55,264.0,44.0
4823,2011-11-22 19:05:55,262.0,38.0
4824,2011-11-22 19:05:55,364.0,65.0
4825,2011-11-22 22:01:50,337.0,71.0
4826,2011-11-22 22:01:50,344.0,51.0
4827,2011-11-22 22:01:50,348.0,42.0
4829,2011-11-22 22:01:50,344.0,43.0
4830,2011-11-22 22:01:50,356.0,46.0
4835,2011-11-29 21:26:14,395.0,26.0
4870,2012-02-28 20:50:31,318.0,138.0
4875,2012-02-29 19:27:12,273.0,54.0
4883,2012-02-29 19:27:12,292.0,60.0
4884,2012-02-29 19:27:12,275.0,116.0
4905,2012-03-14 19:15:19,192.0,179.0
4922,2012-03-27 19:12:11,396.0,4.0
4925,2012-03-28 21:32:53,237.0,182.0
4926,2012-03-28 22:20:41,229.0,163.0
4941,2012-04-11 20:04:00,231.0,170.0
4942,2012-04-11 21:21:08,302.0,75.0
4953,2012-04-18 19:49:48,354.0,4.0
4981,2012-05-09 20:00:06,188.0,186.0
4985,2012-05-15 18:22:19,229.0,51.0
5001,2012-05-30 19:01:16,361.0,2.0
5009,2012-06-12 20:12:02,221.0,156.0
5012,2012-06-13 19:42:26,236.0,23.0
5018,2012-06-26 19:32:12,326.0,2.0
5021,2012-06-27 19:26:38,24.0,188.0
5022,2012-07-03 20:00:54,262.0,34.0
5029,2012-07-03 21:12:41,256.0,37.0
5083,2012-09-04 21:11:31,231.0,106.0
5094,2012-09-18 21:34:10,209.0,63.0
5110,2012-10-31 19:53:03,284.0,16.0
5112,2012-10-31 19:53:03,304.0,16.0
5120,2012-11-06 20:22:02,211.0,224.0
5122,2012-11-06 20:22:02,124.0,287.0
5128,2012-11-07 19:23:59,297.0,66.0
5147,2012-11-20 18:58:11,195.0,100.0
5154,2012-11-21 16:12:13,359.0,3.0
5160,2012-11-28 21:11:20,269.0,3.0
5161,2012-11-28 21:11:20,291.0,2.0
5162,2012-11-28 21:11:20,276.0,6.0
5164,2012-12-04 20:00:48,347.0,6.0
5175,2012-12-12 23:03:30,67.0,260.0
5180,2012-12-12 23:03:30,157.0,60.0
5181,2012-12-18 19:24:33,191.0,71.0
5182,2012-12-18 19:24:33,172.0,92.0
5187,2013-02-20 16:10:06,229.0,68.0
5197,2013-02-26 20:01:52,227.0,122.0
5203,2013-02-26 20:01:52,192.0,213.0
5207,2013-02-27 13:59:07,266.0,84.0
5218,2013-03-06 19:09:30,208.0,195.0
5225,2013-03-12 19:47:35,345.0,64.0
5232,2013-03-19 21:00:48,217.0,213.0
5234,2013-03-20 20:00:45,179.0,196.0
5268,2013-04-09 20:01:39,278.0,122.0
5320,2013-04-24 20:02:53,307.0,5.0
5327,2013-05-07 20:29:33,400.0,21.0
5331,2013-05-08 19:50:38,238.0,156.0
5332,2013-05-08 22:09:25,285.0,116.0
5333,2013-05-14 14:50:43,218.0,85.0
5334,2013-05-14 22:30:28,285.0,48.0
5337,2013-05-14 22:30:28,269.0,44.0
5341,2013-05-14 22:30:28,211.0,209.0
5344,2013-05-15 03:36:25,234.0,190.0
5349,2013-05-15 03:36:25,204.0,112.0
5353,2013-05-15 03:36:25,175.0,161.0
5357,2013-05-15 03:36:25,211.0,106.0
5359,2013-05-15 04:55:31,237.0,42.0
5360,2013-05-15 16:11:41,272.0,54.0
5363,2013-05-15 16:11:41,228.0,108.0
5364,2013-05-15 21:14:43,258.0,43.0
5368,2013-05-15 21:14:43,267.0,67.0
5370,2013-05-15 21:14:43,274.0,41.0
5373,2013-05-16 02:17:44,272.0,36.0
5376,2013-05-16 02:17:44,153.0,144.0
5380,2013-05-16 02:17:44,269.0,35.0
5383,2013-05-16 02:17:44,248.0,37.0
5388,2013-05-16 09:45:43,256.0,30.0
5394,2013-05-21 20:01:02,273.0,88.0
5399,2013-05-21 23:59:38,257.0,128.0
5401,2013-05-21 23:59:38,322.0,7.0
5402,2013-05-21 23:59:38,90.0,110.0
5418,2013-05-27 22:05:49,217.0,87.0
5429,2013-05-28 19:16:09,224.0,48.0
5451,2013-06-04 23:21:43,320.0,35.0
5452,2013-06-04 23:21:43,233.0,124.0
5453,2013-06-04 23:21:43,225.0,68.0
5454,2013-06-04 23:21:43,228.0,42.0
5455,2013-06-04 23:21:43,219.0,105.0
5456,2013-06-04 23:21:43,134.0,225.0
5465,2013-06-11 20:04:06,213.0,111.0
5471,2013-06-11 20:04:06,162.0,192.0
5473,2013-06-11 22:18:00,200.0,87.0
5477,2013-06-12 13:17:49,8.0,21.0
5481,2013-06-12 20:10:13,212.0,68.0
5495,2013-06-25 21:46:49,431.0,12.0
5501,2013-06-26 01:51:45,342.0,2.0
5503,2013-06-26 01:51:45,345.0,14.0
5512,2013-07-02 22:13:29,150.0,241.0
5516,2013-07-03 20:41:00,95.0,318.0
5517,2013-07-03 20:41:00,409.0,6.0
5526,2013-07-10 14:31:50,333.0,12.0
5596,2013-09-10 20:02:02,324.0,43.0
5603,2013-09-18 20:48:12,201.0,132.0
5606,2013-09-25 20:03:59,270.0,62.0
5607,2013-09-25 20:03:59,202.0,93.0
5609,2013-09-25 20:03:59,155.0,219.0
5630,2013-10-08 20:16:27,286.0,69.0
5633,2013-10-09 01:02:21,267.0,28.0
5638,2013-10-09 01:02:21,271.0,38.0
5643,2013-10-09 18:47:47,193.0,80.0
5649,2013-10-09 22:02:30,225.0,138.0
5682,2013-10-22 23:17:19,271.0,15.0
5689,2013-10-23 15:01:55,334.0,12.0
5692,2013-10-23 20:06:11,247.0,70.0
5693,2013-10-23 20:06:11,112.0,266.0
5694,2013-10-23 20:06:11,224.0,113.0
5695,2013-10-23 20:06:11,257.0,88.0
5698,2013-10-23 23:34:26,5.0,218.0
5700,2013-10-29 20:47:02,401.0,8.0
5705,2013-11-05 19:33:33,372.0,7.0
5706,2013-11-05 19:33:33,348.0,8.0
5728,2013-12-04 22:27:18,282.0,51.0
5730,2013-12-04 22:27:18,314.0,3.0
5737,2013-12-11 17:37:44,258.0,57.0
5746,2014-02-04 22:28:10,159.0,209.0
5757,2014-02-11 21:15:09,102.0,284.0
5771,2014-02-25 20:05:31,80.0,279.0
5775,2014-03-11 20:36:01,28.0,373.0
5796,2014-03-19 20:55:21,365.0,8.0
5802,2014-03-26 22:30:15,315.0,44.0
5826,2014-04-02 21:54:21,175.0,188.0
5835,2014-04-07 21:35:58,193.0,52.0
5850,2014-04-09 19:30:06,169.0,167.0
5851,2014-04-09 21:49:15,205.0,138.0
5859,2014-04-22 20:03:24,308.0,20.0
5861,2014-04-22 20:03:24,311.0,4.0
5873,2014-04-23 20:21:36,358.0,5.0
5880,2014-04-29 21:45:10,268.0,74.0
5890,2014-05-06 23:58:32,106.0,255.0
5891,2014-05-06 23:58:32,385.0,7.0
5899,2014-05-20 19:32:06,184.0,77.0
5905,2014-05-20 20:40:39,112.0,276.0
5915,2014-05-21 23:57:16,239.0,72.0
5916,2014-05-21 23:57:16,193.0,74.0
5927,2014-05-27 20:03:30,270.0,11.0
5929,2014-05-27 20:03:30,215.0,105.0
5948,2014-06-04 20:15:45,367.0,6.0
5951,2014-06-04 22:54:31,344.0,32.0
5954,2014-06-04 22:54:31,108.0,214.0
5970,2014-07-15 19:59:45,54.0,328.0
5979,2014-10-07 23:21:45,134.0,123.0
5990,2014-10-28 22:10:49,4.0,310.0
5995,2014-10-28 22:10:49,3.0,299.0
6003,2014-11-04 22:33:49,101.0,218.0
6008,2014-11-11 21:43:41,338.0,5.0
6009,2014-11-11 21:43:41,325.0,4.0
6046,2014-12-16 20:19:14,350.0,64.0
6047,2014-12-16 22:12:56,355.0,35.0
6083,2015-02-10 20:04:34,161.0,244.0
6088,2015-02-10 21:41:41,452.0,20.0
6089,2015-02-10 21:41:41,427.0,45.0
6106,2015-03-03 19:00:37,284.0,107.0
6115,2015-03-05 19:05:54,315.0,3.0
6117,2015-03-05 19:05:54,188.0,181.0
6120,2015-03-10 20:00:19,170.0,244.0
6125,2015-03-10 21:42:20,233.0,151.0
6126,2015-03-10 21:42:20,452.0,3.0
6137,2015-03-12 19:59:23,190.0,176.0
6138,2015-03-12 19:59:23,319.0,3.0
6142,2015-03-17 20:08:29,268.0,140.0
6143,2015-03-17 20:08:29,275.0,103.0
6144,2015-03-17 20:08:29,316.0,4.0
6151,2015-03-18 20:01:11,226.0,211.0
6158,2015-03-19 19:07:58,155.0,200.0
6162,2015-03-24 20:00:57,222.0,118.0
6163,2015-03-24 20:00:57,239.0,174.0
6169,2015-03-24 22:04:16,441.0,9.0
6171,2015-03-25 19:56:26,202.0,176.0
6178,2015-03-25 22:32:05,375.0,10.0
6181,2015-03-26 14:00:11,290.0,39.0
6183,2015-03-26 14:00:11,341.0,6.0
6185,2015-03-30 21:22:29,181.0,218.0
6190,2015-03-31 19:01:19,85.0,269.0
6192,2015-03-31 19:01:19,240.0,155.0
6198,2015-04-07 20:00:18,221.0,219.0
6200,2015-04-07 22:21:19,166.0,320.0
6204,2015-04-08 21:24:42,137.0,327.0
6205,2015-04-09 19:00:39,209.0,108.0
6209,2015-04-09 19:00:39,95.0,303.0
6211,2015-04-09 19:00:39,150.0,200.0
6221,2015-04-15 21:51:51,103.0,352.0
6227,2015-04-16 18:59:34,377.0,12.0
6240,2015-04-27 23:59:42,283.0,138.0
6259,2015-04-28 22:12:18,320.0,138.0
6275,2015-05-06 17:00:26,229.0,181.0
6278,2015-05-06 22:31:27,304.0,159.0
6281,2015-05-06 22:31:27,283.0,153.0
6286,2015-05-06 22:31:27,252.0,229.0
6287,2015-05-06 22:31:27,247.0,225.0
6288,2015-05-06 22:31:27,234.0,232.0
6289,2015-05-07 16:59:23,258.0,199.0
6290,2015-05-07 16:59:23,251.0,190.0
6291,2015-05-07 16:59:23,253.0,191.0
6292,2015-05-07 19:00:02,241.0,182.0
6293,2015-05-07 19:00:02,255.0,163.0
6294,2015-05-07 19:00:02,241.0,184.0
6295,2015-05-07 19:00:02,223.0,184.0
6296,2015-05-07 19:00:02,244.0,183.0
6297,2015-05-07 19:00:02,233.0,190.0
6300,2015-05-12 20:00:14,299.0,122.0
6304,2015-05-12 22:24:45,285.0,150.0
6307,2015-05-12 22:24:45,199.0,245.0
6309,2015-05-13 18:12:26,278.0,169.0
6310,2015-05-13 22:48:21,277.0,180.0
6312,2015-05-13 22:48:21,261.0,199.0
6313,2015-05-13 22:48:21,210.0,235.0
6314,2015-05-13 22:48:21,294.0,161.0
6315,2015-05-13 22:48:21,220.0,231.0
6317,2015-05-14 16:56:49,226.0,111.0
6320,2015-05-14 16:56:49,244.0,147.0
6321,2015-05-14 16:56:49,267.0,148.0
6323,2015-05-14 16:56:49,248.0,147.0
6324,2015-05-14 17:24:18,221.0,179.0
6325,2015-05-19 23:14:17,287.0,159.0
6332,2015-05-19 23:14:17,323.0,131.0
6333,2015-05-19 23:14:17,310.0,131.0
6334,2015-05-19 23:14:17,311.0,139.0
6335,2015-05-19 23:14:17,230.0,223.0
6336,2015-05-19 23:14:17,307.0,133.0
6337,2015-05-20 21:00:23,306.0,2.0
6338,2015-05-20 21:00:23,283.0,113.0
6339,2015-05-20 21:00:23,267.0,126.0
6340,2015-05-20 21:00:23,289.0,118.0
6342,2015-05-20 21:00:23,315.0,124.0
6343,2015-05-20 21:00:23,325.0,105.0
6346,2015-05-20 21:00:23,273.0,192.0
6388,2015-06-18 00:01:15,271.0,172.0
6390,2015-06-18 00:01:15,199.0,225.0
6391,2015-06-18 00:01:15,143.0,232.0
6406,2015-06-24 20:09:54,287.0,13.0
6407,2015-06-24 20:09:54,179.0,211.0
6408,2015-06-24 20:09:54,279.0,120.0
6409,2015-06-25 00:58:35,228.0,158.0
6410,2015-06-25 00:58:35,236.0,162.0
6411,2015-06-25 00:58:35,237.0,127.0
6412,2015-06-25 00:58:35,300.0,93.0
6417,2015-06-25 14:43:24,226.0,129.0
6418,2015-06-25 14:43:24,226.0,121.0
6419,2015-06-25 14:43:24,214.0,126.0
6420,2015-06-25 14:43:24,223.0,113.0
6422,2015-06-25 18:34:55,213.0,137.0
6423,2015-06-25 18:34:55,160.0,212.0
6424,2015-06-25 18:34:55,205.0,142.0
6425,2015-06-25 18:34:55,169.0,219.0
6426,2015-06-25 18:34:55,340.0,34.0
6427,2015-06-30 20:00:20,132.0,314.0
6442,2015-07-07 20:10:21,373.0,37.0
6482,2015-08-04 19:04:26,307.0,122.0
6485,2015-08-04 22:16:29,179.0,280.0
6487,2015-08-06 01:18:28,180.0,281.0
6488,2015-08-06 01:18:28,203.0,262.0
6489,2015-08-06 01:52:16,16.0,452.0
6497,2015-08-11 21:14:48,185.0,288.0
6502,2015-08-12 20:33:20,362.0,89.0
6510,2015-08-18 20:00:33,105.0,218.0
6519,2015-08-20 18:57:53,147.0,209.0
6523,2015-08-25 20:02:29,349.0,5.0
6525,2015-08-25 20:02:29,385.0,32.0
6526,2015-08-25 20:02:29,378.0,47.0
6531,2015-08-26 20:13:09,84.0,371.0
6547,2015-09-02 22:59:44,375.0,3.0
6550,2015-09-02 22:59:44,350.0,74.0
6551,2015-09-02 22:59:44,366.0,59.0
6553,2015-09-03 18:45:12,277.0,78.0
6561,2015-09-09 17:56:56,270.0,17.0
6573,2015-09-10 15:17:51,211.0,195.0
6575,2015-09-10 15:17:51,293.0,70.0
6578,2015-09-15 20:00:23,249.0,205.0
6582,2015-09-16 20:28:36,399.0,11.0
6590,2015-09-17 18:54:47,339.0,45.0
6591,2015-09-17 18:54:47,373.0,37.0
6595,2015-09-22 20:16:30,226.0,152.0
6598,2015-09-22 20:16:30,381.0,48.0
6602,2015-09-23 19:44:52,338.0,3.0
6603,2015-09-23 19:44:52,355.0,34.0
6604,2015-09-23 19:44:52,357.0,91.0
6609,2015-09-29 19:58:50,357.0,11.0
6616,2015-09-30 15:00:48,166.0,176.0
6618,2015-09-30 19:19:08,199.0,222.0
6629,2015-10-06 18:57:23,311.0,110.0
6636,2015-10-07 20:31:46,327.0,62.0
6637,2015-10-08 17:53:51,210.0,136.0
6638,2015-10-08 17:53:51,187.0,178.0
6640,2015-10-08 17:53:51,185.0,170.0
6644,2015-10-13 20:31:29,222.0,149.0
6658,2015-10-20 20:00:18,318.0,81.0
6662,2015-10-20 20:00:18,273.0,147.0
6667,2015-10-21 19:46:34,227.0,170.0
6676,2015-10-22 17:00:01,246.0,150.0
6682,2015-10-27 19:59:53,275.0,133.0
6686,2015-10-28 18:03:23,175.0,206.0
6690,2015-11-03 20:17:53,300.0,88.0
6692,2015-11-03 20:17:53,179.0,241.0
6693,2015-11-03 20:17:53,200.0,203.0
6695,2015-11-03 21:09:30,235.0,204.0
6698,2015-11-04 20:53:04,218.0,164.0
6699,2015-11-04 20:53:04,270.0,179.0
6700,2015-11-05 17:08:53,150.0,201.0
6702,2015-11-10 20:15:06,230.0,96.0
6705,2015-11-10 20:15:06,243.0,174.0
6706,2015-11-10 23:02:40,251.0,179.0
6707,2015-11-10 23:02:40,255.0,166.0
6708,2015-11-10 23:02:40,225.0,204.0
6709,2015-11-10 23:02:40,233.0,189.0
6713,2015-11-11 23:25:12,230.0,221.0
6718,2015-11-11 23:25:12,199.0,151.0
6723,2015-11-17 18:51:21,371.0,8.0
6724,2015-11-17 19:26:22,415.0,3.0
6739,2015-11-24 20:13:57,260.0,98.0
6740,2015-11-24 20:13:57,274.0,113.0
6744,2015-11-24 20:13:57,296.0,114.0
6745,2015-11-24 22:59:48,248.0,109.0
6752,2015-11-24 22:59:48,315.0,118.0
6782,2015-12-15 19:59:02,394.0,14.0
6783,2015-12-15 19:59:02,344.0,16.0
6792,2016-02-03 20:28:32,205.0,199.0
6793,2016-02-03 23:23:48,141.0,228.0
6796,2016-02-03 23:23:48,200.0,129.0
6797,2016-02-16 19:58:06,267.0,91.0
6800,2016-02-17 00:00:00,301.0,141.0
6806,2016-02-17 00:00:00,280.0,159.0
6807,2016-02-17 00:00:00,280.0,152.0
6808,2016-02-17 00:00:00,246.0,123.0
6811,2016-02-17 19:58:58,257.0,85.0
6819,2016-02-17 21:52:46,445.0,12.0
6824,2016-02-18 13:48:55,166.0,191.0
6829,2016-02-23 21:26:38,448.0,4.0
6834,2016-02-25 19:00:10,160.0,245.0
6841,2016-03-02 19:58:57,183.0,160.0
6845,2016-03-02 19:58:57,261.0,186.0
6850,2016-03-08 18:41:34,99.0,233.0
6852,2016-03-09 14:25:02,121.0,261.0
6855,2016-03-09 14:25:02,55.0,101.0
6857,2016-03-10 19:00:03,268.0,62.0
6858,2016-03-15 21:15:02,225.0,121.0
6861,2016-03-16 18:00:48,284.0,121.0
6868,2016-03-21 22:39:51,180.0,161.0
6874,2016-03-22 21:50:24,384.0,35.0
6876,2016-03-22 21:50:24,402.0,2.0
6882,2016-03-28 21:58:47,277.0,66.0
6884,2016-03-29 17:59:33,221.0,166.0
6905,2016-04-26 18:30:47,48.0,298.0
6934,2016-04-28 17:33:34,277.0,7.0
6935,2016-04-28 17:33:34,217.0,15.0
6942,2016-05-03 21:35:55,433.0,11.0
6943,2016-05-03 21:35:55,399.0,24.0
6961,2016-05-18 22:31:51,250.0,100.0
6964,2016-05-23 23:01:25,316.0,57.0
6967,2016-05-23 23:01:25,263.0,51.0
6968,2016-05-24 01:43:04,287.0,49.0
6974,2016-05-24 01:43:04,264.0,52.0
7004,2016-05-31 23:23:08,385.0,4.0
7005,2016-05-31 23:23:08,314.0,3.0
7006,2016-05-31 23:23:08,321.0,5.0
7007,2016-05-31 23:23:08,317.0,12.0
7008,2016-05-31 23:23:08,310.0,15.0
7009,2016-05-31 23:23:08,309.0,12.0
7011,2016-05-31 23:23:08,320.0,14.0
7012,2016-05-31 23:23:08,352.0,18.0
7013,2016-05-31 23:23:08,365.0,12.0
7014,2016-05-31 23:23:08,343.0,13.0
7015,2016-05-31 23:23:08,403.0,18.0
7030,2016-06-02 02:47:47,308.0,94.0
7031,2016-06-02 02:47:47,334.0,93.0
7032,2016-06-02 02:47:47,327.0,96.0
7033,2016-06-02 02:47:47,332.0,92.0
7038,2016-06-08 18:45:54,340.0,98.0
7039,2016-06-08 18:45:54,326.0,101.0
7040,2016-06-08 18:45:54,276.0,102.0
7042,2016-06-14 22:12:32,316.0,95.0
7048,2016-06-15 16:07:18,225.0,66.0
7049,2016-06-15 21:09:45,275.0,57.0
7055,2016-06-15 21:09:45,283.0,66.0
7058,2016-06-15 21:09:45,300.0,59.0
7061,2016-06-20 22:47:08,285.0,52.0
7067,2016-06-21 14:17:27,199.0,78.0
7074,2016-07-05 22:19:32,337.0,67.0
7081,2016-07-06 20:01:29,253.0,134.0
7082,2016-07-06 21:42:37,346.0,29.0
7084,2016-07-12 22:20:30,335.0,122.0
7085,2016-07-12 22:20:30,337.0,106.0
7096,2016-08-09 20:20:39,222.0,100.0
7097,2016-08-10 01:19:58,267.0,109.0
7098,2016-08-10 01:19:58,285.0,102.0
7100,2016-08-10 01:19:58,277.0,99.0
7101,2016-08-10 01:19:58,282.0,143.0
7102,2016-08-10 02:44:59,270.0,95.0
7103,2016-08-10 02:44:59,246.0,116.0
7105,2016-08-10 13:37:47,52.0,226.0
7133,2016-08-30 01:00:46,261.0,74.0
7135,2016-08-30 01:00:46,269.0,80.0
7139,2016-08-30 14:20:55,248.0,72.0
7146,2016-08-30 19:13:43,240.0,77.0
7152,2016-08-30 19:13:43,237.0,81.0
7153,2016-08-30 19:13:43,305.0,104.0
7154,2016-08-30 21:54:20,286.0,69.0
7155,2016-08-30 21:54:20,307.0,90.0
7156,2016-08-30 21:54:20,258.0,92.0
7189,2016-10-05 21:15:20,243.0,80.0
7191,2016-10-05 21:15:20,253.0,77.0
7204,2016-10-10 13:41:57,255.0,69.0
7206,2016-10-10 18:08:50,288.0,83.0
7207,2016-10-10 18:08:50,250.0,74.0
7210,2016-10-10 23:05:28,308.0,89.0
7211,2016-10-10 23:05:28,305.0,79.0
7212,2016-10-10 23:05:28,306.0,75.0
7213,2016-10-10 23:05:28,313.0,74.0
7214,2016-10-10 23:05:28,366.0,114.0
7215,2016-10-10 23:05:28,300.0,85.0
7216,2016-10-10 23:05:28,327.0,91.0
7218,2016-10-10 23:05:28,357.0,101.0
7219,2016-10-11 01:44:57,325.0,88.0
7220,2016-10-11 01:44:57,314.0,87.0
7221,2016-10-11 01:44:57,303.0,104.0
7222,2016-10-11 01:44:57,353.0,96.0
7223,2016-10-11 01:44:57,281.0,86.0
7240,2016-10-24 22:20:15,246.0,87.0
7243,2016-10-24 22:20:15,263.0,86.0
7244,2016-10-24 22:20:15,268.0,95.0
7245,2016-10-25 15:27:15,246.0,81.0
7246,2016-10-25 15:27:15,297.0,91.0
7247,2016-10-25 21:01:19,265.0,94.0
7248,2016-10-25 21:01:19,248.0,85.0
7249,2016-10-25 21:01:19,258.0,76.0
7250,2016-10-25 21:01:19,237.0,89.0
7251,2016-10-25 21:01:19,320.0,103.0
7252,2016-10-25 21:01:19,359.0,119.0
7253,2016-10-26 02:00:58,292.0,80.0
7254,2016-10-26 02:00:58,346.0,91.0
7255,2016-10-26 02:00:58,340.0,82.0
7256,2016-10-26 02:00:58,332.0,80.0
7257,2016-10-26 02:00:58,335.0,76.0
7258,2016-10-26 02:00:58,332.0,79.0
7259,2016-10-26 02:00:58,325.0,91.0
7260,2016-10-26 19:00:50,106.0,46.0
7273,2016-11-08 22:27:10,242.0,122.0
7274,2016-11-09 21:33:57,232.0,61.0
7275,2016-11-09 21:33:57,243.0,71.0
7276,2016-11-09 21:33:57,251.0,77.0
7279,2016-11-09 21:33:57,247.0,108.0
7280,2016-11-09 21:33:57,322.0,11.0
7283,2016-11-22 21:30:48,300.0,98.0
7291,2016-11-30 00:12:31,450.0,5.0
7294,2016-11-30 04:18:25,326.0,15.0
7319,2016-12-07 16:49:14,252.0,73.0
7324,2016-12-07 16:49:14,188.0,121.0
7327,2016-12-07 22:09:56,232.0,110.0
7331,2016-12-07 22:09:56,228.0,87.0
7333,2016-12-07 22:09:56,263.0,110.0
7335,2016-12-13 21:40:03,192.0,123.0
7336,2016-12-13 21:40:03,171.0,121.0
7341,2016-12-13 21:40:03,324.0,7.0
7344,2016-12-13 21:40:03,230.0,113.0
7350,2016-12-14 22:56:52,210.0,81.0
7352,2016-12-14 22:56:52,196.0,94.0
7353,2016-12-14 22:56:52,193.0,87.0
7356,2016-12-15 14:22:36,160.0,108.0
7378,2017-02-15 19:59:53,303.0,132.0
7389,2017-02-21 21:43:37,184.0,163.0
7393,2017-02-21 21:43:37,274.0,87.0
7413,2017-03-14 20:05:44,292.0,48.0
7414,2017-03-14 20:05:44,292.0,37.0
7415,2017-03-14 20:05:44,358.0,41.0
7439,2017-03-23 18:40:23,236.0,98.0
7445,2017-03-28 20:36:55,179.0,247.0
7448,2017-03-29 20:35:27,304.0,142.0
7454,2017-04-05 19:47:42,245.0,121.0
7456,2017-04-05 23:40:25,267.0,131.0
7457,2017-04-05 23:40:25,289.0,124.0
7458,2017-04-05 23:40:25,257.0,114.0
7459,2017-04-10 20:25:42,267.0,89.0
7460,2017-04-11 16:55:52,242.0,69.0
7464,2017-04-11 16:55:52,234.0,108.0
7465,2017-04-11 16:55:52,237.0,94.0
7466,2017-04-11 16:55:52,233.0,109.0
7469,2017-04-18 18:51:22,230.0,165.0
7470,2017-04-18 22:19:02,298.0,112.0
7473,2017-04-18 22:19:02,301.0,154.0
7474,2017-04-19 17:19:02,250.0,83.0
7475,2017-04-19 17:19:02,302.0,136.0
7476,2017-04-19 17:19:02,303.0,128.0
7477,2017-04-19 19:43:08,287.0,158.0
7478,2017-04-25 21:30:15,241.0,89.0
7479,2017-04-25 21:30:15,285.0,149.0
7480,2017-04-25 21:30:15,244.0,166.0
7481,2017-04-25 21:30:15,241.0,196.0
7483,2017-04-26 13:22:07,224.0,119.0
7484,2017-04-26 17:24:05,213.0,102.0
7485,2017-04-26 22:31:15,270.0,141.0
7486,2017-04-26 22:31:15,226.0,129.0
7492,2017-04-26 22:31:15,296.0,178.0
7494,2017-04-27 02:06:13,258.0,161.0
7498,2017-04-27 02:06:13,274.0,162.0
7503,2017-04-27 02:06:13,285.0,138.0
7505,2017-04-27 14:17:08,198.0,59.0
7507,2017-05-02 18:43:47,202.0,79.0
7510,2017-05-02 22:45:31,282.0,130.0
7515,2017-05-02 22:45:31,270.0,131.0
7526,2017-05-10 18:04:39,296.0,130.0
7527,2017-05-10 18:04:39,314.0,117.0
7528,2017-05-10 22:50:30,236.0,53.0
7529,2017-05-10 22:50:30,270.0,10.0
7530,2017-05-10 22:50:30,348.0,9.0
7531,2017-05-10 22:50:30,370.0,39.0
7533,2017-05-10 22:50:30,366.0,57.0
7536,2017-05-15 21:57:12,264.0,91.0
7537,2017-05-16 13:41:49,161.0,58.0
7538,2017-05-16 18:49:45,255.0,81.0
7542,2017-05-16 18:49:45,269.0,86.0
7547,2017-05-16 23:50:28,249.0,73.0
7548,2017-05-16 23:50:28,255.0,73.0
7549,2017-05-16 23:50:28,268.0,99.0
7550,2017-05-16 23:50:28,345.0,9.0
7551,2017-05-16 23:50:28,232.0,73.0
7555,2017-05-16 23:50:28,262.0,72.0
7556,2017-05-16 23:50:28,221.0,81.0
7557,2017-05-16 23:50:28,254.0,76.0
7558,2017-05-16 23:50:28,257.0,81.0
7562,2017-05-16 23:50:28,272.0,76.0
7566,2017-05-17 01:24:11,240.0,61.0
7568,2017-05-17 19:54:42,261.0,9.0
7575,2017-05-23 21:07:39,286.0,80.0
7580,2017-05-23 21:07:39,261.0,83.0
7581,2017-05-23 22:02:29,257.0,74.0
7583,2017-05-24 14:46:41,260.0,66.0
7585,2017-05-24 19:11:21,258.0,85.0
7587,2017-05-25 00:24:11,45.0,11.0
7594,2017-05-31 21:02:34,405.0,36.0
7595,2017-05-31 21:02:34,386.0,28.0
7603,2017-05-31 23:30:42,373.0,57.0
7612,2017-06-07 20:55:59,433.0,19.0
7613,2017-06-13 18:18:42,303.0,81.0
7624,2017-06-27 19:38:37,322.0,100.0
7625,2017-06-28 00:06:03,275.0,84.0
7627,2017-06-28 00:06:03,262.0,82.0
7628,2017-06-28 00:06:03,244.0,80.0
7630,2017-06-28 00:06:03,245.0,83.0
7638,2017-06-28 13:36:24,293.0,94.0
7639,2017-07-04 20:00:09,286.0,81.0
7641,2017-07-04 22:31:24,261.0,68.0
7642,2017-07-04 22:31:24,278.0,62.0
7651,2017-07-05 18:52:27,259.0,73.0
7652,2017-07-05 22:49:17,264.0,59.0
7657,2017-07-05 22:49:17,219.0,96.0
7665,2017-07-12 00:35:17,266.0,96.0
7671,2017-07-12 00:35:17,247.0,47.0
7672,2017-08-01 20:01:27,247.0,93.0
7682,2017-08-08 19:22:19,332.0,54.0
7685,2017-08-14 22:00:10,159.0,53.0
7707,2017-08-16 18:00:25,270.0,52.0
7713,2017-08-16 22:02:56,361.0,71.0
7723,2017-08-22 21:44:10,100.0,278.0
7730,2017-08-24 02:16:34,269.0,115.0
7731,2017-08-24 02:16:34,235.0,71.0
7732,2017-08-24 02:16:34,259.0,76.0
7738,2017-08-24 02:16:34,261.0,86.0
7740,2017-08-24 02:16:34,224.0,86.0
7741,2017-08-24 02:16:34,232.0,83.0
7742,2017-08-24 13:41:23,232.0,83.0
7760,2017-08-30 16:39:47,239.0,90.0
7763,2017-08-30 16:39:47,231.0,108.0
7787,2017-09-04 20:27:45,291.0,6.0
7790,2017-09-05 16:47:04,156.0,113.0
7794,2017-09-05 19:12:08,335.0,18.0
7795,2017-09-05 19:12:08,384.0,18.0
7798,2017-09-12 18:29:26,130.0,192.0
7799,2017-09-12 22:53:59,249.0,96.0
7803,2017-09-12 22:53:59,270.0,99.0
7807,2017-09-12 22:53:59,271.0,126.0
7808,2017-09-13 22:06:20,415.0,39.0
7828,2017-09-20 17:33:22,194.0,164.0
7836,2017-09-20 22:53:44,371.0,13.0
7837,2017-09-20 22:53:44,383.0,19.0
7840,2017-09-21 00:02:48,363.0,27.0
7847,2017-09-26 20:34:57,254.0,109.0
7854,2017-09-26 22:48:01,203.0,206.0
7860,2017-09-27 16:11:30,292.0,35.0
7863,2017-09-27 17:45:45,211.0,90.0
7876,2017-10-03 17:44:42,205.0,175.0
7881,2017-10-03 23:03:18,300.0,107.0
7926,2017-10-17 20:31:23,232.0,134.0
7927,2017-10-18 23:24:06,218.0,98.0
7931,2017-10-18 23:24:06,210.0,111.0
7948,2017-10-31 18:23:44,250.0,105.0
7952,2017-10-31 18:23:44,205.0,78.0
7953,2017-10-31 23:25:07,200.0,91.0
7958,2017-10-31 23:25:07,255.0,108.0
7964,2017-10-31 23:25:07,294.0,13.0
7965,2017-10-31 23:25:07,294.0,46.0
7967,2017-11-07 17:18:52,262.0,70.0
7969,2017-11-07 22:24:38,251.0,79.0
7974,2017-11-07 22:24:38,357.0,62.0
7998,2017-11-09 16:12:47,218.0,46.0
8009,2017-11-21 19:09:25,160.0,147.0
8018,2017-11-22 00:41:18,198.0,187.0
8022,2017-11-22 14:15:50,62.0,40.0
8023,2017-11-22 18:15:22,299.0,11.0
8059,2017-11-28 22:26:38,340.0,14.0
8060,2017-11-28 22:26:38,345.0,24.0
8069,2017-11-29 23:09:25,180.0,162.0
8073,2017-11-29 23:09:25,229.0,133.0
8077,2017-11-29 23:09:25,208.0,185.0
8078,2017-11-29 23:09:25,325.0,47.0
8089,2017-12-05 21:53:58,232.0,186.0
8095,2017-12-06 01:36:55,241.0,186.0
8100,2017-12-06 01:36:55,222.0,147.0
8106,2017-12-06 17:12:41,317.0,10.0
8115,2017-12-06 20:53:00,318.0,20.0
8118,2017-12-06 20:53:00,332.0,2.0
8122,2017-12-12 15:22:04,261.0,83.0
8123,2017-12-12 21:09:41,253.0,45.0
8127,2017-12-12 21:09:41,202.0,119.0
8144,2017-12-13 21:02:40,234.0,123.0
8148,2017-12-13 21:02:40,206.0,202.0
8151,2017-12-13 21:45:07,293.0,14.0
8158,2017-12-19 18:00:57,241.0,94.0
8168,2018-02-06 20:56:19,167.0,202.0
8170,2018-02-19 23:34:49,286.0,63.0
8171,2018-02-19 23:34:49,259.0,66.0
8172,2018-02-20 02:15:26,328.0,65.0
8173,2018-02-20 02:15:26,329.0,72.0
8174,2018-02-20 02:15:26,338.0,68.0
8175,2018-02-20 02:15:26,340.0,74.0
8194,2018-02-27 23:07:12,240.0,129.0
8236,2018-03-13 22:10:08,256.0,111.0
8242,2018-03-14 20:33:55,343.0,48.0
8243,2018-03-20 19:58:48,290.0,98.0
8271,2018-04-04 13:31:55,231.0,77.0
8272,2018-04-04 16:30:25,234.0,88.0
8282,2018-04-11 17:51:58,247.0,72.0
8284,2018-04-11 21:38:34,367.0,53.0
8285,2018-04-11 21:38:34,250.0,57.0
8286,2018-04-11 21:38:34,234.0,128.0
8290,2018-04-11 21:38:34,268.0,40.0
8292,2018-04-17 20:06:44,260.0,41.0
8297,2018-04-18 16:32:51,256.0,52.0
8298,2018-04-18 21:01:45,279.0,89.0
8299,2018-04-18 21:01:45,230.0,100.0
8300,2018-04-18 21:01:45,241.0,94.0
8301,2018-04-18 21:01:45,279.0,129.0
8305,2018-04-24 21:57:59,250.0,50.0
8306,2018-04-24 21:57:59,273.0,49.0
8307,2018-04-24 21:57:59,259.0,73.0
8308,2018-04-24 21:57:59,251.0,75.0
8309,2018-04-24 21:57:59,259.0,78.0
8318,2018-04-26 00:27:59,306.0,57.0
8320,2018-04-26 00:27:59,236.0,72.0
8321,2018-04-26 00:27:59,266.0,61.0
8322,2018-04-26 00:27:59,239.0,62.0
8328,2018-05-08 18:37:57,252.0,77.0
8329,2018-05-08 22:01:09,258.0,77.0
8334,2018-05-08 22:01:09,267.0,72.0
8338,2018-05-09 19:24:22,283.0,69.0
8339,2018-05-09 19:24:22,245.0,90.0
8342,2018-05-09 19:24:22,273.0,168.0
8343,2018-05-09 20:12:19,337.0,15.0
8348,2018-05-16 01:27:34,249.0,113.0
8349,2018-05-16 01:27:34,245.0,100.0
8350,2018-05-16 01:27:34,244.0,102.0
8351,2018-05-16 01:27:34,249.0,85.0
8353,2018-05-16 01:27:34,241.0,83.0
8355,2018-05-16 01:27:34,221.0,82.0
8356,2018-05-16 18:25:09,245.0,95.0
8358,2018-05-16 18:25:09,246.0,93.0
8360,2018-05-16 18:25:09,224.0,110.0
8361,2018-05-16 21:37:16,257.0,93.0
8363,2018-05-16 21:37:16,222.0,89.0
8364,2018-05-16 21:37:16,207.0,88.0
8365,2018-05-16 21:37:16,234.0,93.0
8370,2018-05-16 21:37:16,240.0,84.0
8374,2018-05-22 21:07:00,281.0,60.0
8408,2018-05-28 21:19:16,293.0,16.0
8420,2018-06-06 18:29:23,260.0,16.0
8426,2018-06-06 18:29:23,209.0,148.0
8427,2018-06-06 18:29:23,260.0,15.0
8440,2018-06-13 18:00:23,216.0,95.0
8447,2018-06-13 22:19:37,281.0,112.0
8450,2018-06-19 18:10:23,220.0,103.0
8451,2018-06-19 23:02:11,255.0,116.0
8452,2018-06-19 23:02:11,242.0,102.0
8453,2018-06-19 23:02:11,235.0,115.0
8456,2018-06-19 23:02:11,235.0,99.0
8469,2018-06-20 20:35:26,205.0,100.0
8470,2018-06-20 20:35:26,239.0,99.0
8471,2018-06-20 20:35:26,232.0,97.0
8472,2018-06-20 20:35:26,226.0,96.0
8474,2018-06-20 23:48:13,238.0,94.0
8478,2018-06-20 23:48:13,213.0,2.0
8479,2018-06-25 23:02:17,270.0,1.0
8481,2018-07-03 18:58:35,288.0,67.0
8482,2018-07-03 21:16:27,237.0,114.0
8483,2018-07-03 21:16:27,226.0,124.0
8489,2018-07-04 18:02:32,238.0,109.0
8490,2018-07-04 18:02:32,138.0,119.0
8491,2018-07-04 18:02:32,235.0,116.0
8492,2018-07-04 22:53:08,227.0,120.0
8493,2018-07-04 22:53:08,225.0,118.0
8494,2018-07-04 22:53:08,223.0,108.0
8495,2018-07-04 22:53:08,232.0,100.0
8496,2018-07-04 22:53:08,228.0,103.0
8498,2018-07-04 22:53:08,225.0,99.0
8500,2018-07-04 22:53:08,203.0,129.0
8508,2018-07-10 23:51:12,205.0,136.0
8513,2018-07-10 23:51:12,210.0,164.0
8514,2018-07-10 23:51:12,220.0,161.0
8515,2018-07-10 23:51:12,221.0,145.0
8516,2018-07-10 23:51:12,217.0,166.0
8553,2018-10-30 19:43:17,260.0,51.0
8554,2018-10-30 19:43:17,253.0,47.0
8585,2018-11-20 19:59:05,270.0,29.0
8586,2018-11-20 19:59:05,301.0,62.0
8600,2018-11-21 17:44:00,145.0,228.0
8601,2018-11-21 18:25:21,254.0,33.0
8603,2018-11-21 20:55:28,207.0,53.0
8604,2018-11-21 20:55:28,301.0,36.0
8605,2018-11-27 20:34:58,291.0,71.0
8646,2018-12-11 22:08:02,290.0,74.0
0004,2007-09-20 00:00:00,338.0,119.0
0005,2007-10-10 00:00:00,333.0,115.0
